"label","file_name","copied_path","source_set","source_class","source_path","sha256","annotation_status"
"void","void_0001.jpg","D:\Xray\pcb_xray_annotation_workspace\images\void\void_0001.jpg","缺陷照片20260603","焊点空洞","D:\科研\Xray存档\X光图片20260330\缺陷照片20260603\焊点空洞\焊点空洞 (1).jpg","39367BBD4E1461F70135ED9012BA2292091312731130A3C0F6C8CF1CAF74B45A","pending"
"void","void_0002.jpg","D:\Xray\pcb_xray_annotation_workspace\images\void\void_0002.jpg","缺陷照片20260603","焊点空洞","D:\科研\Xray存档\X光图片20260330\缺陷照片20260603\焊点空洞\焊点空洞 (10).jpg","EF861DA3304B9F4B884C46BC1CF1C736662A8634274961114644F22F5F7F7120","pending"
"void","void_0003.jpg","D:\Xray\pcb_xray_annotation_workspace\images\void\void_0003.jpg","缺陷照片20260603","焊点空洞","D:\科研\Xray存档\X光图片20260330\缺陷照片20260603\焊点空洞\焊点空洞 (11).jpg","5D0D7F7A58508E3BD9E1F6A85A895EDF4693A9FCB290012FB0F2DA779080C959","pending"
"void","void_0004.jpg","D:\Xray\pcb_xray_annotation_workspace\images\void\void_0004.jpg","缺陷照片20260603","焊点空洞","D:\科研\Xray存档\X光图片20260330\缺陷照片20260603\焊点空洞\焊点空洞 (12).jpg","789B8B5739084672CABF2C2C6433EF07C159964D8D71F8B2433AC90253E0D171","pending"
"void","void_0005.jpg","D:\Xray\pcb_xray_annotation_workspace\images\void\void_0005.jpg","缺陷照片20260603","焊点空洞","D:\科研\Xray存档\X光图片20260330\缺陷照片20260603\焊点空洞\焊点空洞 (13).jpg","AE842C46809622B42507BE4CF77CBA228722EA3B7EDE36CA2884DCE9E6F6E0E3","pending"
"void","void_0006.jpg","D:\Xray\pcb_xray_annotation_workspace\images\void\void_0006.jpg","缺陷照片20260603","焊点空洞","D:\科研\Xray存档\X光图片20260330\缺陷照片20260603\焊点空洞\焊点空洞 (14).jpg","3956B5738B40EAD211FD1C92BDAC55708411491C5638FF5E0268BD2114FE8648","pending"
"void","void_0007.jpg","D:\Xray\pcb_xray_annotation_workspace\images\void\void_0007.jpg","缺陷照片20260603","焊点空洞","D:\科研\Xray存档\X光图片20260330\缺陷照片20260603\焊点空洞\焊点空洞 (15).jpg","0C3AD854C53B26CEFE4082E4C70EA1253E726C118E7EBE6CB39213DD254CD905","pending"
"void","void_0008.jpg","D:\Xray\pcb_xray_annotation_workspace\images\void\void_0008.jpg","缺陷照片20260603","焊点空洞","D:\科研\Xray存档\X光图片20260330\缺陷照片20260603\焊点空洞\焊点空洞 (16).jpg","5AEFFC7D63064765427A052CD6A21AE5F3D7E08F1C77076870B1CF60C4BD41C7","pending"
"void","void_0009.jpg","D:\Xray\pcb_xray_annotation_workspace\images\void\void_0009.jpg","缺陷照片20260603","焊点空洞","D:\科研\Xray存档\X光图片20260330\缺陷照片20260603\焊点空洞\焊点空洞 (17).jpg","266BA62C4C7295B7EE403A01337FD7E7B0AE14B9298029A305DF7C2087B187A6","pending"
"void","void_0010.jpg","D:\Xray\pcb_xray_annotation_workspace\images\void\void_0010.jpg","缺陷照片20260603","焊点空洞","D:\科研\Xray存档\X光图片20260330\缺陷照片20260603\焊点空洞\焊点空洞 (18).jpg","EA84E96F287C5C3518E98A84C377B50B76DA4AA71BFBC487B09BECBED6B91C69","pending"
"void","void_0011.jpg","D:\Xray\pcb_xray_annotation_workspace\images\void\void_0011.jpg","缺陷照片20260603","焊点空洞","D:\科研\Xray存档\X光图片20260330\缺陷照片20260603\焊点空洞\焊点空洞 (19).jpg","57F4251945E4A39A5FD61DE54A122F62966492BD2F55607252362B8AC753266B","pending"
"void","void_0012.jpg","D:\Xray\pcb_xray_annotation_workspace\images\void\void_0012.jpg","缺陷照片20260603","焊点空洞","D:\科研\Xray存档\X光图片20260330\缺陷照片20260603\焊点空洞\焊点空洞 (2).jpg","4C8D73DC1F208F507ED3AAD333E212EB566D67C545673560AEC2CEEF6A70DF82","pending"
"void","void_0013.jpg","D:\Xray\pcb_xray_annotation_workspace\images\void\void_0013.jpg","缺陷照片20260603","焊点空洞","D:\科研\Xray存档\X光图片20260330\缺陷照片20260603\焊点空洞\焊点空洞 (20).jpg","0A696E135AA147DF1B53AE8DFBF3FBEC2FF2750255F1715450A10BDF7593568E","pending"
"void","void_0015.jpg","D:\Xray\pcb_xray_annotation_workspace\images\void\void_0015.jpg","缺陷照片20260603","焊点空洞","D:\科研\Xray存档\X光图片20260330\缺陷照片20260603\焊点空洞\焊点空洞 (22).jpg","F32CEFCD5C963E1D80C06BBF28CABC8E1600569F9EEF4A2BFF7AABC1D6D0D9D0","pending"
"void","void_0016.jpg","D:\Xray\pcb_xray_annotation_workspace\images\void\void_0016.jpg","缺陷照片20260603","焊点空洞","D:\科研\Xray存档\X光图片20260330\缺陷照片20260603\焊点空洞\焊点空洞 (23).jpg","092C3241C257EC2F29A378ED4A574DC7A5847F7ABA552160E130030057E61DAF","pending"
"void","void_0017.jpg","D:\Xray\pcb_xray_annotation_workspace\images\void\void_0017.jpg","缺陷照片20260603","焊点空洞","D:\科研\Xray存档\X光图片20260330\缺陷照片20260603\焊点空洞\焊点空洞 (24).jpg","9D1C47D0C028B38DC8BE5E7FFF9FC2DB9ABFB7EA32B05D5F6E5E14FC6CDC869F","pending"
"void","void_0018.jpg","D:\Xray\pcb_xray_annotation_workspace\images\void\void_0018.jpg","缺陷照片20260603","焊点空洞","D:\科研\Xray存档\X光图片20260330\缺陷照片20260603\焊点空洞\焊点空洞 (25).jpg","7AD51C9A8BD99B099DFDB141D1EB7585672DC2019F81BFD4D1755249DFD2F35D","pending"
"void","void_0019.jpg","D:\Xray\pcb_xray_annotation_workspace\images\void\void_0019.jpg","缺陷照片20260603","焊点空洞","D:\科研\Xray存档\X光图片20260330\缺陷照片20260603\焊点空洞\焊点空洞 (26).jpg","6D13E94DE5C0733CB2EB627C53021933C198E1FDB47DB3FE62585115D749473B","pending"
"void","void_0020.jpg","D:\Xray\pcb_xray_annotation_workspace\images\void\void_0020.jpg","缺陷照片20260603","焊点空洞","D:\科研\Xray存档\X光图片20260330\缺陷照片20260603\焊点空洞\焊点空洞 (27).jpg","2855660539274BE42455BE58C846113BAE20A4219091C50813BACE5899A8F368","pending"
"void","void_0021.jpg","D:\Xray\pcb_xray_annotation_workspace\images\void\void_0021.jpg","缺陷照片20260603","焊点空洞","D:\科研\Xray存档\X光图片20260330\缺陷照片20260603\焊点空洞\焊点空洞 (28).jpg","C0E6BF316469F10767AFCACDA580C9598E91F64654F9486B1B3A9C0613AD9406","pending"
"void","void_0022.jpg","D:\Xray\pcb_xray_annotation_workspace\images\void\void_0022.jpg","缺陷照片20260603","焊点空洞","D:\科研\Xray存档\X光图片20260330\缺陷照片20260603\焊点空洞\焊点空洞 (29).jpg","52B7855BF5A973C4896F6BC16E8FC915E4BACDF15A2451E1DB2CCB2BE00A6EA7","pending"
"void","void_0023.jpg","D:\Xray\pcb_xray_annotation_workspace\images\void\void_0023.jpg","缺陷照片20260603","焊点空洞","D:\科研\Xray存档\X光图片20260330\缺陷照片20260603\焊点空洞\焊点空洞 (3).jpg","5CB86219CABFDA84B5928B46ADBC26906DF84013B30172F5E0A154B41DA4237D","pending"
"void","void_0024.jpg","D:\Xray\pcb_xray_annotation_workspace\images\void\void_0024.jpg","缺陷照片20260603","焊点空洞","D:\科研\Xray存档\X光图片20260330\缺陷照片20260603\焊点空洞\焊点空洞 (30).jpg","F786D45573490506BD1071919494BE0A1A2372487809A915025F4D3FB1BA29C4","pending"
"void","void_0025.jpg","D:\Xray\pcb_xray_annotation_workspace\images\void\void_0025.jpg","缺陷照片20260603","焊点空洞","D:\科研\Xray存档\X光图片20260330\缺陷照片20260603\焊点空洞\焊点空洞 (31).jpg","242D1BAA0E5822EC25BF3A9E516B40D3A6C6209ED0F9F72ED26AD9D50A71C8ED","pending"
"void","void_0026.jpg","D:\Xray\pcb_xray_annotation_workspace\images\void\void_0026.jpg","缺陷照片20260603","焊点空洞","D:\科研\Xray存档\X光图片20260330\缺陷照片20260603\焊点空洞\焊点空洞 (32).jpg","0E8B6BFCB9DC78ACADC1FEE6BBB5971EAF741BCD88E10E7990194DA6CB129139","pending"
"void","void_0027.jpg","D:\Xray\pcb_xray_annotation_workspace\images\void\void_0027.jpg","缺陷照片20260603","焊点空洞","D:\科研\Xray存档\X光图片20260330\缺陷照片20260603\焊点空洞\焊点空洞 (33).jpg","9C085C3FF4731FA41FA7095F46DE8F3D47FF06D1F016E82F2E163DEA325FD29A","pending"
"void","void_0028.jpg","D:\Xray\pcb_xray_annotation_workspace\images\void\void_0028.jpg","缺陷照片20260603","焊点空洞","D:\科研\Xray存档\X光图片20260330\缺陷照片20260603\焊点空洞\焊点空洞 (34).jpg","19BF8A5F30A8078530ED054D64EF346AC92A88E7D445D515AF29F8E42FF261D4","pending"
"void","void_0029.jpg","D:\Xray\pcb_xray_annotation_workspace\images\void\void_0029.jpg","缺陷照片20260603","焊点空洞","D:\科研\Xray存档\X光图片20260330\缺陷照片20260603\焊点空洞\焊点空洞 (35).jpg","2DF8BE87E170ED76FE77A43D0F88038F821EE9BC41AF236D5C7949B7B3902AD6","pending"
"void","void_0030.jpg","D:\Xray\pcb_xray_annotation_workspace\images\void\void_0030.jpg","缺陷照片20260603","焊点空洞","D:\科研\Xray存档\X光图片20260330\缺陷照片20260603\焊点空洞\焊点空洞 (36).jpg","89A1818B97C6CC3B7217F607F271E0D45409010828EA3776FBB47120C73820A0","pending"
"void","void_0031.jpg","D:\Xray\pcb_xray_annotation_workspace\images\void\void_0031.jpg","缺陷照片20260603","焊点空洞","D:\科研\Xray存档\X光图片20260330\缺陷照片20260603\焊点空洞\焊点空洞 (37).jpg","9631D2F4D7BDF561738EBF5969C5F55AAA5C15D858EDA37805DFBE0EA2E97A06","pending"
"void","void_0032.jpg","D:\Xray\pcb_xray_annotation_workspace\images\void\void_0032.jpg","缺陷照片20260603","焊点空洞","D:\科研\Xray存档\X光图片20260330\缺陷照片20260603\焊点空洞\焊点空洞 (4).jpg","267C38F5C134B5264F8D046E8D90613743F49CECBB5C2245BF60B56349B89AED","pending"
"void","void_0033.jpg","D:\Xray\pcb_xray_annotation_workspace\images\void\void_0033.jpg","缺陷照片20260603","焊点空洞","D:\科研\Xray存档\X光图片20260330\缺陷照片20260603\焊点空洞\焊点空洞 (5).jpg","A614A1A624C75C49220E82B2AD14BEA2C9F9651393CE3C2A2426EA33D0127447","pending"
"void","void_0034.jpg","D:\Xray\pcb_xray_annotation_workspace\images\void\void_0034.jpg","缺陷照片20260603","焊点空洞","D:\科研\Xray存档\X光图片20260330\缺陷照片20260603\焊点空洞\焊点空洞 (6).jpg","573CC929E39F75C85BB0FF4EEC1C68D34F572C8115172AE7731A20A3B701203B","pending"
"void","void_0035.jpg","D:\Xray\pcb_xray_annotation_workspace\images\void\void_0035.jpg","缺陷照片20260603","焊点空洞","D:\科研\Xray存档\X光图片20260330\缺陷照片20260603\焊点空洞\焊点空洞 (7).jpg","005A9AD47B4CCFD127261A15409059FFF245777239F122F372CD3AC6DDFABA0C","pending"
"void","void_0036.jpg","D:\Xray\pcb_xray_annotation_workspace\images\void\void_0036.jpg","缺陷照片20260603","焊点空洞","D:\科研\Xray存档\X光图片20260330\缺陷照片20260603\焊点空洞\焊点空洞 (8).jpg","ABEDB5FD2597F77F382841437B578E53A028AB2DC8975447189AC4913C4ED4DF","pending"
"void","void_0037.jpg","D:\Xray\pcb_xray_annotation_workspace\images\void\void_0037.jpg","缺陷照片20260603","焊点空洞","D:\科研\Xray存档\X光图片20260330\缺陷照片20260603\焊点空洞\焊点空洞 (9).jpg","0C9575523FD6474AEA71EE82E5D22EC78AD3D46943185310A150065E9B20E90B","pending"
"void","void_0038.jpg","D:\Xray\pcb_xray_annotation_workspace\images\void\void_0038.jpg","X光检测图片新-未标记","焊点空洞","D:\科研\Xray存档\X光图片20260330\X光图片\X光检测图片新-未标记\焊点空洞\1.jpg","A8250B1D777AAF1699A5824EA8E1F3E091AE7692202A5895B753194C53975C32","pending"
"void","void_0039.jpg","D:\Xray\pcb_xray_annotation_workspace\images\void\void_0039.jpg","X光检测图片新-未标记","焊点空洞","D:\科研\Xray存档\X光图片20260330\X光图片\X光检测图片新-未标记\焊点空洞\10.jpg","D3656E63684BF366A1623239F8EC05AE068410E58A6E3407DE6D57C250F06FF7","pending"
"void","void_0040.jpg","D:\Xray\pcb_xray_annotation_workspace\images\void\void_0040.jpg","X光检测图片新-未标记","焊点空洞","D:\科研\Xray存档\X光图片20260330\X光图片\X光检测图片新-未标记\焊点空洞\11.jpg","13CE0E0BBC6772FCA5EBBE7010DBE327A31273EFA254BAEE0EBB7651D46D1728","pending"
"void","void_0041.jpg","D:\Xray\pcb_xray_annotation_workspace\images\void\void_0041.jpg","X光检测图片新-未标记","焊点空洞","D:\科研\Xray存档\X光图片20260330\X光图片\X光检测图片新-未标记\焊点空洞\12.jpg","9C9BC6CA90981666B399B314DA260B01026562B625003BA7C86B32129F3845B9","pending"
"void","void_0042.jpg","D:\Xray\pcb_xray_annotation_workspace\images\void\void_0042.jpg","X光检测图片新-未标记","焊点空洞","D:\科研\Xray存档\X光图片20260330\X光图片\X光检测图片新-未标记\焊点空洞\13.jpg","DF8CA062C262EF87E69C2F1E19B70944A9CF787D5BD5C8BCA1B38BA29546C11A","pending"
"void","void_0043.jpg","D:\Xray\pcb_xray_annotation_workspace\images\void\void_0043.jpg","X光检测图片新-未标记","焊点空洞","D:\科研\Xray存档\X光图片20260330\X光图片\X光检测图片新-未标记\焊点空洞\14.jpg","085A4D824C8FC965D9A040D3DCC6609D9831F2CEE529E07A1E930774F12B4E89","pending"
"void","void_0044.jpg","D:\Xray\pcb_xray_annotation_workspace\images\void\void_0044.jpg","X光检测图片新-未标记","焊点空洞","D:\科研\Xray存档\X光图片20260330\X光图片\X光检测图片新-未标记\焊点空洞\15.jpg","65B0DBD5DEE0FAA021EDEDBA693C0F00C3611ADE360722E04E88233B31F84168","pending"
"void","void_0045.jpg","D:\Xray\pcb_xray_annotation_workspace\images\void\void_0045.jpg","X光检测图片新-未标记","焊点空洞","D:\科研\Xray存档\X光图片20260330\X光图片\X光检测图片新-未标记\焊点空洞\16.jpg","52556355FA55BFB6D90C734DA79E0AA1917E718411384EB74B055C0C9B9F23EC","pending"
"void","void_0046.jpg","D:\Xray\pcb_xray_annotation_workspace\images\void\void_0046.jpg","X光检测图片新-未标记","焊点空洞","D:\科研\Xray存档\X光图片20260330\X光图片\X光检测图片新-未标记\焊点空洞\17.jpg","70C724C617AE397D7E1F6401DC1266BEC708D381D1B46CE5F941F5BCF9D7AB29","pending"
"void","void_0047.jpg","D:\Xray\pcb_xray_annotation_workspace\images\void\void_0047.jpg","X光检测图片新-未标记","焊点空洞","D:\科研\Xray存档\X光图片20260330\X光图片\X光检测图片新-未标记\焊点空洞\18.jpg","80B464E9C4081B9C3AD539B4ACCD95EA64C03FFD04437682F37B08F2E6FFCE60","pending"
"void","void_0048.jpg","D:\Xray\pcb_xray_annotation_workspace\images\void\void_0048.jpg","X光检测图片新-未标记","焊点空洞","D:\科研\Xray存档\X光图片20260330\X光图片\X光检测图片新-未标记\焊点空洞\19.jpg","9C3B3E5D9FE09D4BB92E0E3217CE31D6EBC0D8B6F27FDD37F9D30F9A4A7FB8AA","pending"
"void","void_0049.jpg","D:\Xray\pcb_xray_annotation_workspace\images\void\void_0049.jpg","X光检测图片新-未标记","焊点空洞","D:\科研\Xray存档\X光图片20260330\X光图片\X光检测图片新-未标记\焊点空洞\2.jpg","5B9DB8B63E0EBC05734E291E7529ACE074289EBB34520DB73A553F64E5CB924D","pending"
"void","void_0050.jpg","D:\Xray\pcb_xray_annotation_workspace\images\void\void_0050.jpg","X光检测图片新-未标记","焊点空洞","D:\科研\Xray存档\X光图片20260330\X光图片\X光检测图片新-未标记\焊点空洞\20.jpg","BC7FE1537C2485AF57B547A67E414E4D9566E8F28881D893AF7BD29DA33C3251","pending"
"void","void_0051.jpg","D:\Xray\pcb_xray_annotation_workspace\images\void\void_0051.jpg","X光检测图片新-未标记","焊点空洞","D:\科研\Xray存档\X光图片20260330\X光图片\X光检测图片新-未标记\焊点空洞\21.jpg","CB0CC1345A41EA26060CA7A2F259EA7407D51F9441952D1A3C632694C9E0A4BC","pending"
"void","void_0052.jpg","D:\Xray\pcb_xray_annotation_workspace\images\void\void_0052.jpg","X光检测图片新-未标记","焊点空洞","D:\科研\Xray存档\X光图片20260330\X光图片\X光检测图片新-未标记\焊点空洞\22.jpg","C5BA78937B95667FCA431045CBCBD4CE481A15E78888E245E12AA63863010414","pending"
"void","void_0053.jpg","D:\Xray\pcb_xray_annotation_workspace\images\void\void_0053.jpg","X光检测图片新-未标记","焊点空洞","D:\科研\Xray存档\X光图片20260330\X光图片\X光检测图片新-未标记\焊点空洞\23.jpg","388FC2F445CF00B6E46CABCCF0B30412591D4D4B9E651C1812ADFA7C5FFA3891","pending"
"void","void_0054.jpg","D:\Xray\pcb_xray_annotation_workspace\images\void\void_0054.jpg","X光检测图片新-未标记","焊点空洞","D:\科研\Xray存档\X光图片20260330\X光图片\X光检测图片新-未标记\焊点空洞\24.jpg","C8B07154D520C7E6FE2C0015117703EFDB086D2B102427898FF074C57B4AA698","pending"
"void","void_0055.jpg","D:\Xray\pcb_xray_annotation_workspace\images\void\void_0055.jpg","X光检测图片新-未标记","焊点空洞","D:\科研\Xray存档\X光图片20260330\X光图片\X光检测图片新-未标记\焊点空洞\25.jpg","0E94A76081A50CB44D898960BF2AA1F7B0DB5A6FEFE1E12004EC152C8E99E805","pending"
"void","void_0056.jpg","D:\Xray\pcb_xray_annotation_workspace\images\void\void_0056.jpg","X光检测图片新-未标记","焊点空洞","D:\科研\Xray存档\X光图片20260330\X光图片\X光检测图片新-未标记\焊点空洞\26.jpg","D9DC9E63E13A2BE5B9F97C771940B72A9F78678600A0B0FA342FB735DEDC7587","pending"
"void","void_0057.jpg","D:\Xray\pcb_xray_annotation_workspace\images\void\void_0057.jpg","X光检测图片新-未标记","焊点空洞","D:\科研\Xray存档\X光图片20260330\X光图片\X光检测图片新-未标记\焊点空洞\27.jpg","EFDD49FB13966F20E76C3E3D76A7FA3E75C5831E93D4E6EDA10D4DBA440C6634","pending"
"void","void_0058.jpg","D:\Xray\pcb_xray_annotation_workspace\images\void\void_0058.jpg","X光检测图片新-未标记","焊点空洞","D:\科研\Xray存档\X光图片20260330\X光图片\X光检测图片新-未标记\焊点空洞\28.jpg","0081066FC5544961AF056F8AB7AC122C51AB8826CDFFEF73CAD43C632BF174D7","pending"
"void","void_0060.jpg","D:\Xray\pcb_xray_annotation_workspace\images\void\void_0060.jpg","X光检测图片新-未标记","焊点空洞","D:\科研\Xray存档\X光图片20260330\X光图片\X光检测图片新-未标记\焊点空洞\3.jpg","47E89DCA562685187E6130E5707B3ECC4B8A9931D897E9CCB688307212B5502E","pending"
"void","void_0062.jpg","D:\Xray\pcb_xray_annotation_workspace\images\void\void_0062.jpg","X光检测图片新-未标记","焊点空洞","D:\科研\Xray存档\X光图片20260330\X光图片\X光检测图片新-未标记\焊点空洞\31.jpg","E55B59BF571E83C6C9890DA6E0A3AE7253B30A92B0F4B000123D7E13B4492CE2","pending"
"void","void_0063.jpg","D:\Xray\pcb_xray_annotation_workspace\images\void\void_0063.jpg","X光检测图片新-未标记","焊点空洞","D:\科研\Xray存档\X光图片20260330\X光图片\X光检测图片新-未标记\焊点空洞\32.jpg","6352DEDCC83CF0476960AEF90E91CF5D2B5DC351EF2FE406D84E4AEE955FBED1","pending"
"void","void_0064.jpg","D:\Xray\pcb_xray_annotation_workspace\images\void\void_0064.jpg","X光检测图片新-未标记","焊点空洞","D:\科研\Xray存档\X光图片20260330\X光图片\X光检测图片新-未标记\焊点空洞\33.jpg","F56361C7FBD2F610D46ED9C2D79D8C3EC91BFB8AD684CEA05AA267A9DDFB7B1F","pending"
"void","void_0065.jpg","D:\Xray\pcb_xray_annotation_workspace\images\void\void_0065.jpg","X光检测图片新-未标记","焊点空洞","D:\科研\Xray存档\X光图片20260330\X光图片\X光检测图片新-未标记\焊点空洞\34.jpg","9597E0B8A86A63C72C295B84FDAC0272160B18CC907D9C1F215F96F42781D6FB","pending"
"void","void_0066.jpg","D:\Xray\pcb_xray_annotation_workspace\images\void\void_0066.jpg","X光检测图片新-未标记","焊点空洞","D:\科研\Xray存档\X光图片20260330\X光图片\X光检测图片新-未标记\焊点空洞\35.jpg","B52297DF934E9B9AACB13D2FDEBD81AC64F1E259ED3E1F0273656C4C31F79A32","pending"
"void","void_0067.jpg","D:\Xray\pcb_xray_annotation_workspace\images\void\void_0067.jpg","X光检测图片新-未标记","焊点空洞","D:\科研\Xray存档\X光图片20260330\X光图片\X光检测图片新-未标记\焊点空洞\4.jpg","6327EEE66C4A88B7A482CE2F67DE15BE4AE1F5E3013A8842CD1A0F8138216A90","pending"
"void","void_0068.jpg","D:\Xray\pcb_xray_annotation_workspace\images\void\void_0068.jpg","X光检测图片新-未标记","焊点空洞","D:\科研\Xray存档\X光图片20260330\X光图片\X光检测图片新-未标记\焊点空洞\5.jpg","6AF018E7BD078DC7D4ED30A9ABECAE5D942C7975D8D595600F5C633DB005285D","pending"
"void","void_0069.jpg","D:\Xray\pcb_xray_annotation_workspace\images\void\void_0069.jpg","X光检测图片新-未标记","焊点空洞","D:\科研\Xray存档\X光图片20260330\X光图片\X光检测图片新-未标记\焊点空洞\6.jpg","E617279BFBF617FB908F7C848582749B1CE8C139A19AAA74E2A42FFE4B4CA807","pending"
"void","void_0070.jpg","D:\Xray\pcb_xray_annotation_workspace\images\void\void_0070.jpg","X光检测图片新-未标记","焊点空洞","D:\科研\Xray存档\X光图片20260330\X光图片\X光检测图片新-未标记\焊点空洞\7.jpg","4A7B9385C7DA4AA67F3E6CE6A48469C909D2D3BC6DA161ED4E1F0306EE6651D2","pending"
"void","void_0071.jpg","D:\Xray\pcb_xray_annotation_workspace\images\void\void_0071.jpg","X光检测图片新-未标记","焊点空洞","D:\科研\Xray存档\X光图片20260330\X光图片\X光检测图片新-未标记\焊点空洞\8.jpg","0D196FD0895F0DEBA012ED3A1D49208D5FCB592B75227BAAC8A0FB1E51F257B1","pending"
"insufficient_through_solder","insufficient_through_solder_0001.jpg","D:\Xray\pcb_xray_annotation_workspace\images\insufficient_through_solder\insufficient_through_solder_0001.jpg","缺陷照片20260603","过锡不良","D:\科研\Xray存档\X光图片20260330\缺陷照片20260603\过锡不良\过锡不良 (1).jpg","8B5963B94762749C1B4BD3774D263A632C9B5D0C57B1547CFC47113C138B99AE","pending"
"insufficient_through_solder","insufficient_through_solder_0002.jpg","D:\Xray\pcb_xray_annotation_workspace\images\insufficient_through_solder\insufficient_through_solder_0002.jpg","缺陷照片20260603","过锡不良","D:\科研\Xray存档\X光图片20260330\缺陷照片20260603\过锡不良\过锡不良 (10).jpg","B2214EBF5FC3D12D117D531F31908597842057E9CA6C69125C708E9935042069","pending"
"insufficient_through_solder","insufficient_through_solder_0003.jpg","D:\Xray\pcb_xray_annotation_workspace\images\insufficient_through_solder\insufficient_through_solder_0003.jpg","缺陷照片20260603","过锡不良","D:\科研\Xray存档\X光图片20260330\缺陷照片20260603\过锡不良\过锡不良 (11).jpg","BC8FEA9BE2572EC2B01E0214D88C70DA55459E81E604377FF87AE9D898463F95","pending"
"insufficient_through_solder","insufficient_through_solder_0004.jpg","D:\Xray\pcb_xray_annotation_workspace\images\insufficient_through_solder\insufficient_through_solder_0004.jpg","缺陷照片20260603","过锡不良","D:\科研\Xray存档\X光图片20260330\缺陷照片20260603\过锡不良\过锡不良 (12).jpg","1CD4B7D8FFCA64693FA73826593281E7BA0DE0F4DBD71CB8182FEB017D8307B5","pending"
"insufficient_through_solder","insufficient_through_solder_0005.jpg","D:\Xray\pcb_xray_annotation_workspace\images\insufficient_through_solder\insufficient_through_solder_0005.jpg","缺陷照片20260603","过锡不良","D:\科研\Xray存档\X光图片20260330\缺陷照片20260603\过锡不良\过锡不良 (13).jpg","5E0C271138B092E44A0E540C9B480800C4D51EDB63509D0BBE0A196ADFB4EE62","pending"
"insufficient_through_solder","insufficient_through_solder_0006.jpg","D:\Xray\pcb_xray_annotation_workspace\images\insufficient_through_solder\insufficient_through_solder_0006.jpg","缺陷照片20260603","过锡不良","D:\科研\Xray存档\X光图片20260330\缺陷照片20260603\过锡不良\过锡不良 (14).jpg","1C65559EA24A8D9D03FB24010D1D26918C8BA36F23C25997F27A15E474A4677A","pending"
"insufficient_through_solder","insufficient_through_solder_0007.jpg","D:\Xray\pcb_xray_annotation_workspace\images\insufficient_through_solder\insufficient_through_solder_0007.jpg","缺陷照片20260603","过锡不良","D:\科研\Xray存档\X光图片20260330\缺陷照片20260603\过锡不良\过锡不良 (15).jpg","EF1EBC669E2800E707E97C132905E817282085024873833232FB4F5CA2E8348E","pending"
"insufficient_through_solder","insufficient_through_solder_0008.jpg","D:\Xray\pcb_xray_annotation_workspace\images\insufficient_through_solder\insufficient_through_solder_0008.jpg","缺陷照片20260603","过锡不良","D:\科研\Xray存档\X光图片20260330\缺陷照片20260603\过锡不良\过锡不良 (16).jpg","85B46096F5AA07FD4317113F8051FDCDEE9F8D93E8F29F8CB6F90C0D5DF5C7C7","pending"
"insufficient_through_solder","insufficient_through_solder_0009.jpg","D:\Xray\pcb_xray_annotation_workspace\images\insufficient_through_solder\insufficient_through_solder_0009.jpg","缺陷照片20260603","过锡不良","D:\科研\Xray存档\X光图片20260330\缺陷照片20260603\过锡不良\过锡不良 (17).jpg","17ED84D70A58D987BF7C2B94A692E63A12576A9ADBE5709F373A912668D797AE","pending"
"insufficient_through_solder","insufficient_through_solder_0010.jpg","D:\Xray\pcb_xray_annotation_workspace\images\insufficient_through_solder\insufficient_through_solder_0010.jpg","缺陷照片20260603","过锡不良","D:\科研\Xray存档\X光图片20260330\缺陷照片20260603\过锡不良\过锡不良 (18).jpg","F46936DD50733065875277F531BD7C7DF04C019F6A305BDF5C2CCFC1A80C69D9","pending"
"insufficient_through_solder","insufficient_through_solder_0011.jpg","D:\Xray\pcb_xray_annotation_workspace\images\insufficient_through_solder\insufficient_through_solder_0011.jpg","缺陷照片20260603","过锡不良","D:\科研\Xray存档\X光图片20260330\缺陷照片20260603\过锡不良\过锡不良 (19).jpg","99E86D289623503C81AED932730E6E370E5F362B20E6F9AFA19F8F4E7BDC8459","pending"
"insufficient_through_solder","insufficient_through_solder_0012.jpg","D:\Xray\pcb_xray_annotation_workspace\images\insufficient_through_solder\insufficient_through_solder_0012.jpg","缺陷照片20260603","过锡不良","D:\科研\Xray存档\X光图片20260330\缺陷照片20260603\过锡不良\过锡不良 (2).jpg","B0F7F4C5681FB5978D6A2CF81F7F2F961D56AE48F12248F4B9B1C6A759B13CB3","pending"
"insufficient_through_solder","insufficient_through_solder_0013.jpg","D:\Xray\pcb_xray_annotation_workspace\images\insufficient_through_solder\insufficient_through_solder_0013.jpg","缺陷照片20260603","过锡不良","D:\科研\Xray存档\X光图片20260330\缺陷照片20260603\过锡不良\过锡不良 (20).jpg","EE80B7C1D170C23A3DA639218F199C13468303E6DCCC75E633AE1C0D02292DF4","pending"
"insufficient_through_solder","insufficient_through_solder_0014.jpg","D:\Xray\pcb_xray_annotation_workspace\images\insufficient_through_solder\insufficient_through_solder_0014.jpg","缺陷照片20260603","过锡不良","D:\科研\Xray存档\X光图片20260330\缺陷照片20260603\过锡不良\过锡不良 (21).jpg","1FDAD8EDB9BAF9FD45ED498C26F673FA20CE382B70E0FB21C1F3340ED863505F","pending"
"insufficient_through_solder","insufficient_through_solder_0015.jpg","D:\Xray\pcb_xray_annotation_workspace\images\insufficient_through_solder\insufficient_through_solder_0015.jpg","缺陷照片20260603","过锡不良","D:\科研\Xray存档\X光图片20260330\缺陷照片20260603\过锡不良\过锡不良 (22).jpg","4DFCE93A57A1307A752BA7636548433CBD74B27594262EB7AF531E83540B2B6B","pending"
"insufficient_through_solder","insufficient_through_solder_0016.jpg","D:\Xray\pcb_xray_annotation_workspace\images\insufficient_through_solder\insufficient_through_solder_0016.jpg","缺陷照片20260603","过锡不良","D:\科研\Xray存档\X光图片20260330\缺陷照片20260603\过锡不良\过锡不良 (23).jpg","1326FE142351320A6CAAC1BE3B5D0731381DB3CCE50B5F8B8B17C6C6560519D8","pending"
"insufficient_through_solder","insufficient_through_solder_0017.jpg","D:\Xray\pcb_xray_annotation_workspace\images\insufficient_through_solder\insufficient_through_solder_0017.jpg","缺陷照片20260603","过锡不良","D:\科研\Xray存档\X光图片20260330\缺陷照片20260603\过锡不良\过锡不良 (24).jpg","817C1D1B5D06FB75EDB58E190013225CB6FC04B2F8568DA0398B22CAB8DB6601","pending"
"insufficient_through_solder","insufficient_through_solder_0018.jpg","D:\Xray\pcb_xray_annotation_workspace\images\insufficient_through_solder\insufficient_through_solder_0018.jpg","缺陷照片20260603","过锡不良","D:\科研\Xray存档\X光图片20260330\缺陷照片20260603\过锡不良\过锡不良 (25).jpg","7CB777F6EF0FE2766C9C20EFE31AB4AEE735FDC0A67548EE4664057B8F4D9C45","pending"
"insufficient_through_solder","insufficient_through_solder_0019.jpg","D:\Xray\pcb_xray_annotation_workspace\images\insufficient_through_solder\insufficient_through_solder_0019.jpg","缺陷照片20260603","过锡不良","D:\科研\Xray存档\X光图片20260330\缺陷照片20260603\过锡不良\过锡不良 (26).jpg","DB36EC29F364568BA94E22C9C9C6B816E6F3EB9FA12676EA8BF5DBA28E96DA8A","pending"
"insufficient_through_solder","insufficient_through_solder_0020.jpg","D:\Xray\pcb_xray_annotation_workspace\images\insufficient_through_solder\insufficient_through_solder_0020.jpg","缺陷照片20260603","过锡不良","D:\科研\Xray存档\X光图片20260330\缺陷照片20260603\过锡不良\过锡不良 (27).jpg","B457FCF9359EBA913A1A9DE65E0C59114074F3848A1ACD15322187D909FEAB38","pending"
"insufficient_through_solder","insufficient_through_solder_0021.jpg","D:\Xray\pcb_xray_annotation_workspace\images\insufficient_through_solder\insufficient_through_solder_0021.jpg","缺陷照片20260603","过锡不良","D:\科研\Xray存档\X光图片20260330\缺陷照片20260603\过锡不良\过锡不良 (28).jpg","490BF382D17D6A2877AAF74753C97C070151EE42C051B31F33E3094EA88853EA","pending"
"insufficient_through_solder","insufficient_through_solder_0022.jpg","D:\Xray\pcb_xray_annotation_workspace\images\insufficient_through_solder\insufficient_through_solder_0022.jpg","缺陷照片20260603","过锡不良","D:\科研\Xray存档\X光图片20260330\缺陷照片20260603\过锡不良\过锡不良 (29).jpg","639D328B746400FC70484AF20E5CE99647A52586D43141F7D781A5F63F23A5E8","pending"
"insufficient_through_solder","insufficient_through_solder_0023.jpg","D:\Xray\pcb_xray_annotation_workspace\images\insufficient_through_solder\insufficient_through_solder_0023.jpg","缺陷照片20260603","过锡不良","D:\科研\Xray存档\X光图片20260330\缺陷照片20260603\过锡不良\过锡不良 (3).jpg","05ABE311037FCAC9969FB98E4550FE5CB548CB17F352DE520183F379A618E8D8","pending"
"insufficient_through_solder","insufficient_through_solder_0024.jpg","D:\Xray\pcb_xray_annotation_workspace\images\insufficient_through_solder\insufficient_through_solder_0024.jpg","缺陷照片20260603","过锡不良","D:\科研\Xray存档\X光图片20260330\缺陷照片20260603\过锡不良\过锡不良 (30).jpg","103E29004FA44CB6EA003D8B871030EEF3D71AC8FC5AF1116E823E3E5A4D8413","pending"
"insufficient_through_solder","insufficient_through_solder_0025.jpg","D:\Xray\pcb_xray_annotation_workspace\images\insufficient_through_solder\insufficient_through_solder_0025.jpg","缺陷照片20260603","过锡不良","D:\科研\Xray存档\X光图片20260330\缺陷照片20260603\过锡不良\过锡不良 (31).jpg","7F894DB68268C5812AF813866855C3AFE3B8C4BB110BA4659E3702EAB368594C","pending"
"insufficient_through_solder","insufficient_through_solder_0026.jpg","D:\Xray\pcb_xray_annotation_workspace\images\insufficient_through_solder\insufficient_through_solder_0026.jpg","缺陷照片20260603","过锡不良","D:\科研\Xray存档\X光图片20260330\缺陷照片20260603\过锡不良\过锡不良 (32).jpg","0F7F3A1788733128EE218DC83B1EF98FBA0CDC6E40D7BFF1EBD98FCFF0108848","pending"
"insufficient_through_solder","insufficient_through_solder_0027.jpg","D:\Xray\pcb_xray_annotation_workspace\images\insufficient_through_solder\insufficient_through_solder_0027.jpg","缺陷照片20260603","过锡不良","D:\科研\Xray存档\X光图片20260330\缺陷照片20260603\过锡不良\过锡不良 (33).jpg","9137B4425A82977441DE799950DEB3440EF11311C8150318F26E96D563364609","pending"
"insufficient_through_solder","insufficient_through_solder_0028.jpg","D:\Xray\pcb_xray_annotation_workspace\images\insufficient_through_solder\insufficient_through_solder_0028.jpg","缺陷照片20260603","过锡不良","D:\科研\Xray存档\X光图片20260330\缺陷照片20260603\过锡不良\过锡不良 (34).jpg","D7395064847EB0FD3171F5A6E52E806ED729C3554427B96ECD91F1FA0EB40D5A","pending"
"insufficient_through_solder","insufficient_through_solder_0029.jpg","D:\Xray\pcb_xray_annotation_workspace\images\insufficient_through_solder\insufficient_through_solder_0029.jpg","缺陷照片20260603","过锡不良","D:\科研\Xray存档\X光图片20260330\缺陷照片20260603\过锡不良\过锡不良 (35).jpg","64238ED0FAB32F82ACCE224FCE493736968DCDB5AF0CCFC6A6C64EAAEDD5A355","pending"
"insufficient_through_solder","insufficient_through_solder_0030.jpg","D:\Xray\pcb_xray_annotation_workspace\images\insufficient_through_solder\insufficient_through_solder_0030.jpg","缺陷照片20260603","过锡不良","D:\科研\Xray存档\X光图片20260330\缺陷照片20260603\过锡不良\过锡不良 (36).jpg","DC04ADB7243308BE35F3CEE71A5500C3EF977A34761889F496822F45289B477B","pending"
"insufficient_through_solder","insufficient_through_solder_0031.jpg","D:\Xray\pcb_xray_annotation_workspace\images\insufficient_through_solder\insufficient_through_solder_0031.jpg","缺陷照片20260603","过锡不良","D:\科研\Xray存档\X光图片20260330\缺陷照片20260603\过锡不良\过锡不良 (37).jpg","1F3784ECAAED331FD46644CEF7D8545E3226DB24E52BE2E36BDC0CBF68DC9E8B","pending"
"insufficient_through_solder","insufficient_through_solder_0032.jpg","D:\Xray\pcb_xray_annotation_workspace\images\insufficient_through_solder\insufficient_through_solder_0032.jpg","缺陷照片20260603","过锡不良","D:\科研\Xray存档\X光图片20260330\缺陷照片20260603\过锡不良\过锡不良 (38).jpg","520592EA6CB0FA596E58CDA81FC6D02A04EC39F64517D559C1514891D38A8799","pending"
"insufficient_through_solder","insufficient_through_solder_0033.jpg","D:\Xray\pcb_xray_annotation_workspace\images\insufficient_through_solder\insufficient_through_solder_0033.jpg","缺陷照片20260603","过锡不良","D:\科研\Xray存档\X光图片20260330\缺陷照片20260603\过锡不良\过锡不良 (39).jpg","D3F88C82E27A9D27846A4E7AA203A4B5AC8E604769C2D4D9FBB1B00C5BBCF7F8","pending"
"insufficient_through_solder","insufficient_through_solder_0034.jpg","D:\Xray\pcb_xray_annotation_workspace\images\insufficient_through_solder\insufficient_through_solder_0034.jpg","缺陷照片20260603","过锡不良","D:\科研\Xray存档\X光图片20260330\缺陷照片20260603\过锡不良\过锡不良 (4).jpg","62B2DF9BCF1111CB7A88CD7383ED36EA5E893B6B24EFEFC50EAA36F9E0AF1D03","pending"
"insufficient_through_solder","insufficient_through_solder_0035.jpg","D:\Xray\pcb_xray_annotation_workspace\images\insufficient_through_solder\insufficient_through_solder_0035.jpg","缺陷照片20260603","过锡不良","D:\科研\Xray存档\X光图片20260330\缺陷照片20260603\过锡不良\过锡不良 (40).jpg","9414CB0E601FBED76CD2E22B8BBAB136641AC2836162E22CCA58B01E946611CA","pending"
"insufficient_through_solder","insufficient_through_solder_0036.jpg","D:\Xray\pcb_xray_annotation_workspace\images\insufficient_through_solder\insufficient_through_solder_0036.jpg","缺陷照片20260603","过锡不良","D:\科研\Xray存档\X光图片20260330\缺陷照片20260603\过锡不良\过锡不良 (41).jpg","C82E2FA0D07864BDF7C2B860BCA12382A35146EB1C1911BBB8B004322E3290F9","pending"
"insufficient_through_solder","insufficient_through_solder_0037.jpg","D:\Xray\pcb_xray_annotation_workspace\images\insufficient_through_solder\insufficient_through_solder_0037.jpg","缺陷照片20260603","过锡不良","D:\科研\Xray存档\X光图片20260330\缺陷照片20260603\过锡不良\过锡不良 (42).jpg","401AC7F6779C80F1669FE60AF5B81F56B1F6555751942AE7121FA2EEBF7BC177","pending"
"insufficient_through_solder","insufficient_through_solder_0038.jpg","D:\Xray\pcb_xray_annotation_workspace\images\insufficient_through_solder\insufficient_through_solder_0038.jpg","缺陷照片20260603","过锡不良","D:\科研\Xray存档\X光图片20260330\缺陷照片20260603\过锡不良\过锡不良 (43).jpg","A4BB55D7110462668A79FE644455EABCFEC9669EF319EBB7ED3BE06AB1CC3F4F","pending"
"insufficient_through_solder","insufficient_through_solder_0039.jpg","D:\Xray\pcb_xray_annotation_workspace\images\insufficient_through_solder\insufficient_through_solder_0039.jpg","缺陷照片20260603","过锡不良","D:\科研\Xray存档\X光图片20260330\缺陷照片20260603\过锡不良\过锡不良 (44).jpg","EE9FD7C5DDF2C3A60CD4FE943672A1C93376A9C7BC709EFAD5675D473EBDAA78","pending"
"insufficient_through_solder","insufficient_through_solder_0040.jpg","D:\Xray\pcb_xray_annotation_workspace\images\insufficient_through_solder\insufficient_through_solder_0040.jpg","缺陷照片20260603","过锡不良","D:\科研\Xray存档\X光图片20260330\缺陷照片20260603\过锡不良\过锡不良 (45).jpg","DE25272F46BE5F262362CFAF7B021C6D9328424B664F292A324515B72BEAB644","pending"
"insufficient_through_solder","insufficient_through_solder_0041.jpg","D:\Xray\pcb_xray_annotation_workspace\images\insufficient_through_solder\insufficient_through_solder_0041.jpg","缺陷照片20260603","过锡不良","D:\科研\Xray存档\X光图片20260330\缺陷照片20260603\过锡不良\过锡不良 (46).jpg","4AE1B75310954E89A6ACC1AD522FA8091C6259FE6D1AD5505C3CFE7ECCD298B7","pending"
"insufficient_through_solder","insufficient_through_solder_0042.jpg","D:\Xray\pcb_xray_annotation_workspace\images\insufficient_through_solder\insufficient_through_solder_0042.jpg","缺陷照片20260603","过锡不良","D:\科研\Xray存档\X光图片20260330\缺陷照片20260603\过锡不良\过锡不良 (47).jpg","27CE269CA919978A53000FDE66ED8A4CEE9DBC3F35B3F519593FAB213A9D8436","pending"
"insufficient_through_solder","insufficient_through_solder_0043.jpg","D:\Xray\pcb_xray_annotation_workspace\images\insufficient_through_solder\insufficient_through_solder_0043.jpg","缺陷照片20260603","过锡不良","D:\科研\Xray存档\X光图片20260330\缺陷照片20260603\过锡不良\过锡不良 (5).jpg","EA3C710903A147CBD24212CD0F919AE75AFA870E6C8868E7242755EDD7DEF9E6","pending"
"insufficient_through_solder","insufficient_through_solder_0044.jpg","D:\Xray\pcb_xray_annotation_workspace\images\insufficient_through_solder\insufficient_through_solder_0044.jpg","缺陷照片20260603","过锡不良","D:\科研\Xray存档\X光图片20260330\缺陷照片20260603\过锡不良\过锡不良 (6).jpg","F630E745F7BB8F514B834EE11D8AD9966B2AD1A00EECC8FBC99542E27D0A7E5A","pending"
"insufficient_through_solder","insufficient_through_solder_0045.jpg","D:\Xray\pcb_xray_annotation_workspace\images\insufficient_through_solder\insufficient_through_solder_0045.jpg","缺陷照片20260603","过锡不良","D:\科研\Xray存档\X光图片20260330\缺陷照片20260603\过锡不良\过锡不良 (7).jpg","0EFA695B9C34980A1FD5D39F780F94403121EA82627F2C945BEC4C0125B54670","pending"
"insufficient_through_solder","insufficient_through_solder_0046.jpg","D:\Xray\pcb_xray_annotation_workspace\images\insufficient_through_solder\insufficient_through_solder_0046.jpg","缺陷照片20260603","过锡不良","D:\科研\Xray存档\X光图片20260330\缺陷照片20260603\过锡不良\过锡不良 (8).jpg","C26620119D073A0D325F23AF0FA4E6AE0F93F99D8FEF8B65E5ED06336D2193CC","pending"
"insufficient_through_solder","insufficient_through_solder_0047.jpg","D:\Xray\pcb_xray_annotation_workspace\images\insufficient_through_solder\insufficient_through_solder_0047.jpg","缺陷照片20260603","过锡不良","D:\科研\Xray存档\X光图片20260330\缺陷照片20260603\过锡不良\过锡不良 (9).jpg","660B9A850129F7CB3B417272FC427769D27D308F2EB56AD6522EBEC2A367B0CF","pending"
"insufficient_through_solder","insufficient_through_solder_0048.jpg","D:\Xray\pcb_xray_annotation_workspace\images\insufficient_through_solder\insufficient_through_solder_0048.jpg","X光检测图片新-未标记","过锡不足","D:\科研\Xray存档\X光图片20260330\X光图片\X光检测图片新-未标记\过锡不足\1.jpg","B1C615C79C0E87342850F2FB7B7FC23DAA27A48638C9905251B61E6225EFA777","pending"
"insufficient_through_solder","insufficient_through_solder_0049.jpg","D:\Xray\pcb_xray_annotation_workspace\images\insufficient_through_solder\insufficient_through_solder_0049.jpg","X光检测图片新-未标记","过锡不足","D:\科研\Xray存档\X光图片20260330\X光图片\X光检测图片新-未标记\过锡不足\10.jpg","F007DCE884CBAD6BFF51242D56EF58417F59170D1B126EEF660590B25824114D","pending"
"insufficient_through_solder","insufficient_through_solder_0050.jpg","D:\Xray\pcb_xray_annotation_workspace\images\insufficient_through_solder\insufficient_through_solder_0050.jpg","X光检测图片新-未标记","过锡不足","D:\科研\Xray存档\X光图片20260330\X光图片\X光检测图片新-未标记\过锡不足\11.jpg","4E78FE04DA2B5BF3118318E1A8930744F301807B8F69667CA9C70CFAF6A89C48","pending"
"insufficient_through_solder","insufficient_through_solder_0051.jpg","D:\Xray\pcb_xray_annotation_workspace\images\insufficient_through_solder\insufficient_through_solder_0051.jpg","X光检测图片新-未标记","过锡不足","D:\科研\Xray存档\X光图片20260330\X光图片\X光检测图片新-未标记\过锡不足\12.jpg","ABCADB23A2915F6409176E28FFA441502ED372BE7DC38EFB095175BAA289C3B0","pending"
"insufficient_through_solder","insufficient_through_solder_0052.jpg","D:\Xray\pcb_xray_annotation_workspace\images\insufficient_through_solder\insufficient_through_solder_0052.jpg","X光检测图片新-未标记","过锡不足","D:\科研\Xray存档\X光图片20260330\X光图片\X光检测图片新-未标记\过锡不足\13.jpg","6FC49F2C4F03ECB75B186F821D5F6F430F627E54256282D0ADF02F8E72728396","pending"
"insufficient_through_solder","insufficient_through_solder_0053.jpg","D:\Xray\pcb_xray_annotation_workspace\images\insufficient_through_solder\insufficient_through_solder_0053.jpg","X光检测图片新-未标记","过锡不足","D:\科研\Xray存档\X光图片20260330\X光图片\X光检测图片新-未标记\过锡不足\14.jpg","D251EDE8F98EBF5F86D5EB76E3A16565F8DB0E723D6D7E5DF91F29E038E14E7A","pending"
"insufficient_through_solder","insufficient_through_solder_0054.jpg","D:\Xray\pcb_xray_annotation_workspace\images\insufficient_through_solder\insufficient_through_solder_0054.jpg","X光检测图片新-未标记","过锡不足","D:\科研\Xray存档\X光图片20260330\X光图片\X光检测图片新-未标记\过锡不足\15.jpg","02DD5F3F08ED16706D06901B14375BA2818235241C1CE392F025CF9803CC4053","pending"
"insufficient_through_solder","insufficient_through_solder_0055.jpg","D:\Xray\pcb_xray_annotation_workspace\images\insufficient_through_solder\insufficient_through_solder_0055.jpg","X光检测图片新-未标记","过锡不足","D:\科研\Xray存档\X光图片20260330\X光图片\X光检测图片新-未标记\过锡不足\16.jpg","41BDBC7611048707A397A9A0A9339F9468FDB93BD8D392A0D3935A0FAAB8E52E","pending"
"insufficient_through_solder","insufficient_through_solder_0056.jpg","D:\Xray\pcb_xray_annotation_workspace\images\insufficient_through_solder\insufficient_through_solder_0056.jpg","X光检测图片新-未标记","过锡不足","D:\科研\Xray存档\X光图片20260330\X光图片\X光检测图片新-未标记\过锡不足\17.jpg","D49B36196BF00E286F5FA261C562893DA590108179CEC03DBA5C5D35B65CEC50","pending"
"insufficient_through_solder","insufficient_through_solder_0057.jpg","D:\Xray\pcb_xray_annotation_workspace\images\insufficient_through_solder\insufficient_through_solder_0057.jpg","X光检测图片新-未标记","过锡不足","D:\科研\Xray存档\X光图片20260330\X光图片\X光检测图片新-未标记\过锡不足\18.jpg","8A587C362B3595BA414D94576B9D89FBCD1FFFB8B2DA518867BE9D133976AB9B","pending"
"insufficient_through_solder","insufficient_through_solder_0058.jpg","D:\Xray\pcb_xray_annotation_workspace\images\insufficient_through_solder\insufficient_through_solder_0058.jpg","X光检测图片新-未标记","过锡不足","D:\科研\Xray存档\X光图片20260330\X光图片\X光检测图片新-未标记\过锡不足\19.jpg","E9F18DC404AD5E31C4B54CF772B31E24AE7F94DE3E068B1248FD03D29E21E8BF","pending"
"insufficient_through_solder","insufficient_through_solder_0059.jpg","D:\Xray\pcb_xray_annotation_workspace\images\insufficient_through_solder\insufficient_through_solder_0059.jpg","X光检测图片新-未标记","过锡不足","D:\科研\Xray存档\X光图片20260330\X光图片\X光检测图片新-未标记\过锡不足\2.jpg","BFA20B987B5DE41CA46D6669D7AFA3EBF886FF52553692A7A7EA306B7F7FD361","pending"
"insufficient_through_solder","insufficient_through_solder_0060.jpg","D:\Xray\pcb_xray_annotation_workspace\images\insufficient_through_solder\insufficient_through_solder_0060.jpg","X光检测图片新-未标记","过锡不足","D:\科研\Xray存档\X光图片20260330\X光图片\X光检测图片新-未标记\过锡不足\20.jpg","19B418171BC080E6DAE323EA4AB0F1EA26195C653F7CC183C6AC096DCF7F52E9","pending"
"insufficient_through_solder","insufficient_through_solder_0061.jpg","D:\Xray\pcb_xray_annotation_workspace\images\insufficient_through_solder\insufficient_through_solder_0061.jpg","X光检测图片新-未标记","过锡不足","D:\科研\Xray存档\X光图片20260330\X光图片\X光检测图片新-未标记\过锡不足\21.jpg","38E8E15C79AC9EA602B4FA09F654C2DE7145E3121921F7453E84254332EA1F07","pending"
"insufficient_through_solder","insufficient_through_solder_0062.jpg","D:\Xray\pcb_xray_annotation_workspace\images\insufficient_through_solder\insufficient_through_solder_0062.jpg","X光检测图片新-未标记","过锡不足","D:\科研\Xray存档\X光图片20260330\X光图片\X光检测图片新-未标记\过锡不足\22.jpg","50A0E6FBF5EBF11704A0BE1A43EBB9F3B866D6E5159A9A2B6A84520F364BD94F","pending"
"insufficient_through_solder","insufficient_through_solder_0063.jpg","D:\Xray\pcb_xray_annotation_workspace\images\insufficient_through_solder\insufficient_through_solder_0063.jpg","X光检测图片新-未标记","过锡不足","D:\科研\Xray存档\X光图片20260330\X光图片\X光检测图片新-未标记\过锡不足\23.jpg","7EC58D751B30D9709DAAE404EF50D57A25007DAF994AC8AECB4E3C486930CB06","pending"
"insufficient_through_solder","insufficient_through_solder_0064.jpg","D:\Xray\pcb_xray_annotation_workspace\images\insufficient_through_solder\insufficient_through_solder_0064.jpg","X光检测图片新-未标记","过锡不足","D:\科研\Xray存档\X光图片20260330\X光图片\X光检测图片新-未标记\过锡不足\24.jpg","C0111A44FF186405E323BE32EDA5A2BEF803F0D9CFF9B536334D2B79BD1B2A5A","pending"
"insufficient_through_solder","insufficient_through_solder_0065.jpg","D:\Xray\pcb_xray_annotation_workspace\images\insufficient_through_solder\insufficient_through_solder_0065.jpg","X光检测图片新-未标记","过锡不足","D:\科研\Xray存档\X光图片20260330\X光图片\X光检测图片新-未标记\过锡不足\25.jpg","FC56E4534299BDF51053B245CDED784A293543388E64EAF56C98D49AFB9E862E","pending"
"insufficient_through_solder","insufficient_through_solder_0066.jpg","D:\Xray\pcb_xray_annotation_workspace\images\insufficient_through_solder\insufficient_through_solder_0066.jpg","X光检测图片新-未标记","过锡不足","D:\科研\Xray存档\X光图片20260330\X光图片\X光检测图片新-未标记\过锡不足\26.jpg","42AD125CA3FAD46FD8101E0D50084FE566C9C52E587D949A4BA00D561D97D66C","pending"
"insufficient_through_solder","insufficient_through_solder_0067.jpg","D:\Xray\pcb_xray_annotation_workspace\images\insufficient_through_solder\insufficient_through_solder_0067.jpg","X光检测图片新-未标记","过锡不足","D:\科研\Xray存档\X光图片20260330\X光图片\X光检测图片新-未标记\过锡不足\27.jpg","AAE1C5F4BC0708794A2048AD55F4124D68344780E7D297E8BABC612530541ABF","pending"
"insufficient_through_solder","insufficient_through_solder_0068.jpg","D:\Xray\pcb_xray_annotation_workspace\images\insufficient_through_solder\insufficient_through_solder_0068.jpg","X光检测图片新-未标记","过锡不足","D:\科研\Xray存档\X光图片20260330\X光图片\X光检测图片新-未标记\过锡不足\28.jpg","2B740A6F700082225EF74A6522186F07489D89592595433A001004746C390E51","pending"
"insufficient_through_solder","insufficient_through_solder_0069.jpg","D:\Xray\pcb_xray_annotation_workspace\images\insufficient_through_solder\insufficient_through_solder_0069.jpg","X光检测图片新-未标记","过锡不足","D:\科研\Xray存档\X光图片20260330\X光图片\X光检测图片新-未标记\过锡不足\29.jpg","902A74D86BAABB73C0DD20B75FA89171F66F59EA04A74ED92795AF6873569BFB","pending"
"insufficient_through_solder","insufficient_through_solder_0070.jpg","D:\Xray\pcb_xray_annotation_workspace\images\insufficient_through_solder\insufficient_through_solder_0070.jpg","X光检测图片新-未标记","过锡不足","D:\科研\Xray存档\X光图片20260330\X光图片\X光检测图片新-未标记\过锡不足\3.jpg","1CEA6CF4A0E309BDA8B0FBC2E15BC0637CEA0282AABB5BDBFAA4FCC0AF812282","pending"
"insufficient_through_solder","insufficient_through_solder_0071.jpg","D:\Xray\pcb_xray_annotation_workspace\images\insufficient_through_solder\insufficient_through_solder_0071.jpg","X光检测图片新-未标记","过锡不足","D:\科研\Xray存档\X光图片20260330\X光图片\X光检测图片新-未标记\过锡不足\30.jpg","947D114E0D7A87DE633D08F61B1D3192593C1D0291138174CFDA0B180FB99848","pending"
"insufficient_through_solder","insufficient_through_solder_0072.jpg","D:\Xray\pcb_xray_annotation_workspace\images\insufficient_through_solder\insufficient_through_solder_0072.jpg","X光检测图片新-未标记","过锡不足","D:\科研\Xray存档\X光图片20260330\X光图片\X光检测图片新-未标记\过锡不足\31.jpg","A10A67559FF13E62C773230A4C47684C594E122F6D613E9673DF19319B99B3C8","pending"
"insufficient_through_solder","insufficient_through_solder_0073.jpg","D:\Xray\pcb_xray_annotation_workspace\images\insufficient_through_solder\insufficient_through_solder_0073.jpg","X光检测图片新-未标记","过锡不足","D:\科研\Xray存档\X光图片20260330\X光图片\X光检测图片新-未标记\过锡不足\32.jpg","1C916523E2DFE6CB4AC6EDCE68854DED48E6ED0F656BF9E08B0B9BDC74456CAF","pending"
"insufficient_through_solder","insufficient_through_solder_0074.jpg","D:\Xray\pcb_xray_annotation_workspace\images\insufficient_through_solder\insufficient_through_solder_0074.jpg","X光检测图片新-未标记","过锡不足","D:\科研\Xray存档\X光图片20260330\X光图片\X光检测图片新-未标记\过锡不足\33.jpg","CCA7709FE1E74B91866475AA4D8C38C0A2EF14912045948E593194108EB9EB00","pending"
"insufficient_through_solder","insufficient_through_solder_0075.jpg","D:\Xray\pcb_xray_annotation_workspace\images\insufficient_through_solder\insufficient_through_solder_0075.jpg","X光检测图片新-未标记","过锡不足","D:\科研\Xray存档\X光图片20260330\X光图片\X光检测图片新-未标记\过锡不足\34.jpg","8C322DA592D1CEC5BFEF3D3D7646EB14B10FA13A8DF95D64EA7334714A5D9EAD","pending"
"insufficient_through_solder","insufficient_through_solder_0076.jpg","D:\Xray\pcb_xray_annotation_workspace\images\insufficient_through_solder\insufficient_through_solder_0076.jpg","X光检测图片新-未标记","过锡不足","D:\科研\Xray存档\X光图片20260330\X光图片\X光检测图片新-未标记\过锡不足\35.jpg","E6C51EC383666765BBF67CFB0A7227E929842F4FC11FAC72B702AEBEB33F8FC4","pending"
"insufficient_through_solder","insufficient_through_solder_0077.jpg","D:\Xray\pcb_xray_annotation_workspace\images\insufficient_through_solder\insufficient_through_solder_0077.jpg","X光检测图片新-未标记","过锡不足","D:\科研\Xray存档\X光图片20260330\X光图片\X光检测图片新-未标记\过锡不足\36.jpg","1DC960A00BD4ECE2B3A6BAEAFA4F3D774942E21969B567FBAC9CF0DB3E8836A1","pending"
"insufficient_through_solder","insufficient_through_solder_0078.jpg","D:\Xray\pcb_xray_annotation_workspace\images\insufficient_through_solder\insufficient_through_solder_0078.jpg","X光检测图片新-未标记","过锡不足","D:\科研\Xray存档\X光图片20260330\X光图片\X光检测图片新-未标记\过锡不足\37.jpg","8511956593D495FFB194758E71F0A22564B03BF9D30F4C43B0C1470CA3BACB9E","pending"
"insufficient_through_solder","insufficient_through_solder_0079.jpg","D:\Xray\pcb_xray_annotation_workspace\images\insufficient_through_solder\insufficient_through_solder_0079.jpg","X光检测图片新-未标记","过锡不足","D:\科研\Xray存档\X光图片20260330\X光图片\X光检测图片新-未标记\过锡不足\38.jpg","14E4A6C2336396C700C11D537B48F65C2C958A7A3644B2B954182ED722996599","pending"
"insufficient_through_solder","insufficient_through_solder_0080.jpg","D:\Xray\pcb_xray_annotation_workspace\images\insufficient_through_solder\insufficient_through_solder_0080.jpg","X光检测图片新-未标记","过锡不足","D:\科研\Xray存档\X光图片20260330\X光图片\X光检测图片新-未标记\过锡不足\39.jpg","16B1AC1B0BD4C1D0393AF63E547C20559A34C6A88E33A317B2DD1A19FA794212","pending"
"insufficient_through_solder","insufficient_through_solder_0081.jpg","D:\Xray\pcb_xray_annotation_workspace\images\insufficient_through_solder\insufficient_through_solder_0081.jpg","X光检测图片新-未标记","过锡不足","D:\科研\Xray存档\X光图片20260330\X光图片\X光检测图片新-未标记\过锡不足\4.jpg","3982096880D1FCEDD0ECF6CA2E294B83EB0380447D1E5FB77CBAFD4BB160128A","pending"
"insufficient_through_solder","insufficient_through_solder_0082.jpg","D:\Xray\pcb_xray_annotation_workspace\images\insufficient_through_solder\insufficient_through_solder_0082.jpg","X光检测图片新-未标记","过锡不足","D:\科研\Xray存档\X光图片20260330\X光图片\X光检测图片新-未标记\过锡不足\5.jpg","16D37B7EFC6D26A13638A0855B1A5F0172E2B43B1B428FEA231E57B115A5F308","pending"
"insufficient_through_solder","insufficient_through_solder_0083.jpg","D:\Xray\pcb_xray_annotation_workspace\images\insufficient_through_solder\insufficient_through_solder_0083.jpg","X光检测图片新-未标记","过锡不足","D:\科研\Xray存档\X光图片20260330\X光图片\X光检测图片新-未标记\过锡不足\6.jpg","1B4458260E33BDEB3B3255023F761E8B4B99C27AC59CEBD980AD98D43C5F9B09","pending"
"insufficient_through_solder","insufficient_through_solder_0084.jpg","D:\Xray\pcb_xray_annotation_workspace\images\insufficient_through_solder\insufficient_through_solder_0084.jpg","X光检测图片新-未标记","过锡不足","D:\科研\Xray存档\X光图片20260330\X光图片\X光检测图片新-未标记\过锡不足\7.jpg","4331C605E2F256699E75BE78629517BD4049EFE1A93ADAF362B14584F7401F79","pending"
"insufficient_through_solder","insufficient_through_solder_0085.jpg","D:\Xray\pcb_xray_annotation_workspace\images\insufficient_through_solder\insufficient_through_solder_0085.jpg","X光检测图片新-未标记","过锡不足","D:\科研\Xray存档\X光图片20260330\X光图片\X光检测图片新-未标记\过锡不足\8.jpg","0CA070D25391C1D01A2852B790777BDAF6BFF4346EF5DBD3F63E3AE20D165207","pending"
"insufficient_through_solder","insufficient_through_solder_0086.jpg","D:\Xray\pcb_xray_annotation_workspace\images\insufficient_through_solder\insufficient_through_solder_0086.jpg","X光检测图片新-未标记","过锡不足","D:\科研\Xray存档\X光图片20260330\X光图片\X光检测图片新-未标记\过锡不足\9.jpg","31E97C741ABCA85C14C8A0DF18E9B5A87485F77B3399731794496DFCC8BE51C9","pending"
"bridge","bridge_0001.jpg","D:\Xray\pcb_xray_annotation_workspace\images\bridge\bridge_0001.jpg","缺陷照片20260603","桥连","D:\科研\Xray存档\X光图片20260330\缺陷照片20260603\桥连\桥连 (1).jpg","9E476003EDD2B5C5E4FD629926D9FE88887F590A8B67795DF64E25684D4C38FB","pending"
"bridge","bridge_0002.jpg","D:\Xray\pcb_xray_annotation_workspace\images\bridge\bridge_0002.jpg","缺陷照片20260603","桥连","D:\科研\Xray存档\X光图片20260330\缺陷照片20260603\桥连\桥连 (10).jpg","626698B3A2B37AB7FE42608F7E553D5C04DAA726C4D86AC5A365363AEC79F0E1","pending"
"bridge","bridge_0003.jpg","D:\Xray\pcb_xray_annotation_workspace\images\bridge\bridge_0003.jpg","缺陷照片20260603","桥连","D:\科研\Xray存档\X光图片20260330\缺陷照片20260603\桥连\桥连 (11).jpg","3E530253756544F204498DF305BB6EEB73DD9B76CB216B2FC8F90FE987773865","pending"
"bridge","bridge_0004.jpg","D:\Xray\pcb_xray_annotation_workspace\images\bridge\bridge_0004.jpg","缺陷照片20260603","桥连","D:\科研\Xray存档\X光图片20260330\缺陷照片20260603\桥连\桥连 (12).jpg","2C446541CE1736F3668579EDC9C2356080B2206C1CE47A73D97B09E0790FB40D","pending"
"bridge","bridge_0005.jpg","D:\Xray\pcb_xray_annotation_workspace\images\bridge\bridge_0005.jpg","缺陷照片20260603","桥连","D:\科研\Xray存档\X光图片20260330\缺陷照片20260603\桥连\桥连 (13).jpg","E2F3866720C56987EE878372708FAC7115C08EF2424EA38B39E9A1B8A2F8647F","pending"
"bridge","bridge_0006.jpg","D:\Xray\pcb_xray_annotation_workspace\images\bridge\bridge_0006.jpg","缺陷照片20260603","桥连","D:\科研\Xray存档\X光图片20260330\缺陷照片20260603\桥连\桥连 (14).jpg","4FE56A146BDE0AE6D6047CFD610F758EC1ADE4BE51CB533E26665E2455392B34","pending"
"bridge","bridge_0007.jpg","D:\Xray\pcb_xray_annotation_workspace\images\bridge\bridge_0007.jpg","缺陷照片20260603","桥连","D:\科研\Xray存档\X光图片20260330\缺陷照片20260603\桥连\桥连 (15).jpg","7B3F8BAAB874EDE86737FB24F654C33E38E8B4E222C0BD4D4B4A4DAF69F44BA5","pending"
"bridge","bridge_0008.jpg","D:\Xray\pcb_xray_annotation_workspace\images\bridge\bridge_0008.jpg","缺陷照片20260603","桥连","D:\科研\Xray存档\X光图片20260330\缺陷照片20260603\桥连\桥连 (16).jpg","84A18DC8B114CC5122754904B35D3F73BF147DD931B0A5DB2B2DADE3471B1F81","pending"
"bridge","bridge_0009.jpg","D:\Xray\pcb_xray_annotation_workspace\images\bridge\bridge_0009.jpg","缺陷照片20260603","桥连","D:\科研\Xray存档\X光图片20260330\缺陷照片20260603\桥连\桥连 (17).jpg","07D68B176575FDDEC115270AD099E0DC3B372038C2DD917C354BB7009ED6BBCB","pending"
"bridge","bridge_0010.jpg","D:\Xray\pcb_xray_annotation_workspace\images\bridge\bridge_0010.jpg","缺陷照片20260603","桥连","D:\科研\Xray存档\X光图片20260330\缺陷照片20260603\桥连\桥连 (18).jpg","CB75834BE6537AD7762134D73C1D8F57DE6F49C543C7B83F60DB2DFCB486AD01","pending"
"bridge","bridge_0011.jpg","D:\Xray\pcb_xray_annotation_workspace\images\bridge\bridge_0011.jpg","缺陷照片20260603","桥连","D:\科研\Xray存档\X光图片20260330\缺陷照片20260603\桥连\桥连 (19).jpg","BF2AD96F8A8E226DEE773EC56E54D371389915F1B814A27A42D203E133BDFD15","pending"
"bridge","bridge_0012.jpg","D:\Xray\pcb_xray_annotation_workspace\images\bridge\bridge_0012.jpg","缺陷照片20260603","桥连","D:\科研\Xray存档\X光图片20260330\缺陷照片20260603\桥连\桥连 (2).jpg","EB1F7AECEB6833A82F98230ADA440EEDFB767C4C29B82272130243C1BCFC2695","pending"
"bridge","bridge_0013.jpg","D:\Xray\pcb_xray_annotation_workspace\images\bridge\bridge_0013.jpg","缺陷照片20260603","桥连","D:\科研\Xray存档\X光图片20260330\缺陷照片20260603\桥连\桥连 (20).jpg","D53F12175D4D64A50202417193F73BC1672538E501DA2AAD1C503EEAEBB4E1A1","pending"
"bridge","bridge_0014.jpg","D:\Xray\pcb_xray_annotation_workspace\images\bridge\bridge_0014.jpg","缺陷照片20260603","桥连","D:\科研\Xray存档\X光图片20260330\缺陷照片20260603\桥连\桥连 (21).jpg","015BD9B010C536BCCD6C587412EC458116BAC83CC7607D745FFBAB40C610C9FB","pending"
"bridge","bridge_0015.jpg","D:\Xray\pcb_xray_annotation_workspace\images\bridge\bridge_0015.jpg","缺陷照片20260603","桥连","D:\科研\Xray存档\X光图片20260330\缺陷照片20260603\桥连\桥连 (22).jpg","4E3612B75FAD4E5E9A2F4D924761187865316BC793A1F5AF6217E9E4C394E91B","pending"
"bridge","bridge_0016.jpg","D:\Xray\pcb_xray_annotation_workspace\images\bridge\bridge_0016.jpg","缺陷照片20260603","桥连","D:\科研\Xray存档\X光图片20260330\缺陷照片20260603\桥连\桥连 (23).jpg","1244A6AA539E478731DE3D6BCD8B83EC52BA688B89A91BF0E6F484890C6EB8E6","pending"
"bridge","bridge_0017.jpg","D:\Xray\pcb_xray_annotation_workspace\images\bridge\bridge_0017.jpg","缺陷照片20260603","桥连","D:\科研\Xray存档\X光图片20260330\缺陷照片20260603\桥连\桥连 (24).jpg","52AB4270BA52699AE82DCA3B8C3B187B51CD08DDE8D13A8E6A3EA67CF29385E5","pending"
"bridge","bridge_0018.jpg","D:\Xray\pcb_xray_annotation_workspace\images\bridge\bridge_0018.jpg","缺陷照片20260603","桥连","D:\科研\Xray存档\X光图片20260330\缺陷照片20260603\桥连\桥连 (25).jpg","1D6568A299D6CA6C47F25558CA9044F8200A1A2E16E25E3375731072A9314A23","pending"
"bridge","bridge_0019.jpg","D:\Xray\pcb_xray_annotation_workspace\images\bridge\bridge_0019.jpg","缺陷照片20260603","桥连","D:\科研\Xray存档\X光图片20260330\缺陷照片20260603\桥连\桥连 (3).jpg","652BE2DC6AC77DE1376844247BD138327A5E15765DBEA525B2EC5F2F0D97BBA1","pending"
"bridge","bridge_0020.jpg","D:\Xray\pcb_xray_annotation_workspace\images\bridge\bridge_0020.jpg","缺陷照片20260603","桥连","D:\科研\Xray存档\X光图片20260330\缺陷照片20260603\桥连\桥连 (4).jpg","B7578C194930584584954A740A7605E0F681B57C7FB336B5FA156CCC4AC32539","pending"
"bridge","bridge_0021.jpg","D:\Xray\pcb_xray_annotation_workspace\images\bridge\bridge_0021.jpg","缺陷照片20260603","桥连","D:\科研\Xray存档\X光图片20260330\缺陷照片20260603\桥连\桥连 (5).jpg","BEEF93ECF22A40C44FE87B72C5A058E3E843A75F70E1F58BB7F742A5C6AFADF2","pending"
"bridge","bridge_0022.jpg","D:\Xray\pcb_xray_annotation_workspace\images\bridge\bridge_0022.jpg","缺陷照片20260603","桥连","D:\科研\Xray存档\X光图片20260330\缺陷照片20260603\桥连\桥连 (6).jpg","2F81FEBE95426B4D770E0F9784380EAFE101D00AD54164A4350D952451A8A202","pending"
"bridge","bridge_0023.jpg","D:\Xray\pcb_xray_annotation_workspace\images\bridge\bridge_0023.jpg","缺陷照片20260603","桥连","D:\科研\Xray存档\X光图片20260330\缺陷照片20260603\桥连\桥连 (7).jpg","A10C60BA84B1484787AE874888BDCB221093F6E767E5F7549A59CBA023649731","pending"
"bridge","bridge_0024.jpg","D:\Xray\pcb_xray_annotation_workspace\images\bridge\bridge_0024.jpg","缺陷照片20260603","桥连","D:\科研\Xray存档\X光图片20260330\缺陷照片20260603\桥连\桥连 (8).jpg","3A57A006E4E216E47E7E300280E7336BB145BE9D28DD10330797F208BC6E9ECC","pending"
"bridge","bridge_0025.jpg","D:\Xray\pcb_xray_annotation_workspace\images\bridge\bridge_0025.jpg","缺陷照片20260603","桥连","D:\科研\Xray存档\X光图片20260330\缺陷照片20260603\桥连\桥连 (9).jpg","D61F8A9C26506FBF9FD9919391A1B9E0021B6A0C3B826AD74B7B3C6AAA4ACD41","pending"
"bridge","bridge_0026.jpg","D:\Xray\pcb_xray_annotation_workspace\images\bridge\bridge_0026.jpg","X光检测图片新-未标记","焊点桥连","D:\科研\Xray存档\X光图片20260330\X光图片\X光检测图片新-未标记\焊点桥连\1.jpg","AB720891D9600FF79C421AA5756EFC1A1F9B8776A8D58A53C6117BC39B92F6F2","pending"
"bridge","bridge_0027.jpg","D:\Xray\pcb_xray_annotation_workspace\images\bridge\bridge_0027.jpg","X光检测图片新-未标记","焊点桥连","D:\科研\Xray存档\X光图片20260330\X光图片\X光检测图片新-未标记\焊点桥连\2.jpg","F1FD84BE888C00E3C8FDCDC573DE36AB6C1C80BDD990013CDC89E2A8D880F166","pending"
"bridge","bridge_0028.jpg","D:\Xray\pcb_xray_annotation_workspace\images\bridge\bridge_0028.jpg","X光检测图片新-未标记","焊点桥连","D:\科研\Xray存档\X光图片20260330\X光图片\X光检测图片新-未标记\焊点桥连\3.jpg","052B7D57BB772E23F756EDCF43CBA09FF63C92171180EF3C1070B2C8108A8CC1","pending"
"bridge","bridge_0029.jpg","D:\Xray\pcb_xray_annotation_workspace\images\bridge\bridge_0029.jpg","X光检测图片新-未标记","焊点桥连","D:\科研\Xray存档\X光图片20260330\X光图片\X光检测图片新-未标记\焊点桥连\4.jpg","43CD2CB445581EF20264C6F6E0DF5052209A23235025653169F150A6815B5C56","pending"
"bridge","bridge_0030.jpg","D:\Xray\pcb_xray_annotation_workspace\images\bridge\bridge_0030.jpg","X光检测图片新-未标记","焊点桥连","D:\科研\Xray存档\X光图片20260330\X光图片\X光检测图片新-未标记\焊点桥连\5.jpg","F3AA03005CEEEBCEED219EA82A92B0E8BD4A3964E9209BED9599730B319960B1","pending"
"bridge","bridge_0031.jpg","D:\Xray\pcb_xray_annotation_workspace\images\bridge\bridge_0031.jpg","X光检测图片新-未标记","焊点桥连","D:\科研\Xray存档\X光图片20260330\X光图片\X光检测图片新-未标记\焊点桥连\6.jpg","CA630AC6D11DDA8579562B0E29E44209E59B55EA268B698BC291AABCBE188987","pending"
"bridge","bridge_0032.jpg","D:\Xray\pcb_xray_annotation_workspace\images\bridge\bridge_0032.jpg","X光检测图片新-未标记","焊点桥连","D:\科研\Xray存档\X光图片20260330\X光图片\X光检测图片新-未标记\焊点桥连\7.jpg","83EE9FBBDAFFD3E91B4ED0EDB9D1E8581B0E5D610ABFA18666AC00201E722C42","pending"
"insufficient_through_solder","insufficient_through_solder_0087.jpg","D:\Xray\pcb_xray_annotation_workspace\images\insufficient_through_solder\insufficient_through_solder_0087.jpg","X光图片标记20260804-未标记","透锡不足","D:\科研\Xray存档\X光图片20260330\X光图片标记20260804\未标记\透锡不足\透锡不足 (1).jpg","468067B199A00008B9695E7889F4C14DC6CE8B0C465547180E25BF0779525213","pending"
"insufficient_through_solder","insufficient_through_solder_0088.jpg","D:\Xray\pcb_xray_annotation_workspace\images\insufficient_through_solder\insufficient_through_solder_0088.jpg","X光图片标记20260804-未标记","透锡不足","D:\科研\Xray存档\X光图片20260330\X光图片标记20260804\未标记\透锡不足\透锡不足 (10).jpg","D875B28FFB194AD32B2DC0F42813438542C5B6BBC75DE92C3A2E7C7A1D1E917F","pending"
"insufficient_through_solder","insufficient_through_solder_0089.jpg","D:\Xray\pcb_xray_annotation_workspace\images\insufficient_through_solder\insufficient_through_solder_0089.jpg","X光图片标记20260804-未标记","透锡不足","D:\科研\Xray存档\X光图片20260330\X光图片标记20260804\未标记\透锡不足\透锡不足 (11).JPG","723225108C6E6AEAF87C1FA1600477E4FC110E91FA646A5E0140589ECCE3C348","pending"
"insufficient_through_solder","insufficient_through_solder_0090.jpg","D:\Xray\pcb_xray_annotation_workspace\images\insufficient_through_solder\insufficient_through_solder_0090.jpg","X光图片标记20260804-未标记","透锡不足","D:\科研\Xray存档\X光图片20260330\X光图片标记20260804\未标记\透锡不足\透锡不足 (12).jpg","A10DB43B8C989EC44CCF259EF21450343C879B80617710B173AF25937FF38F0C","pending"
"insufficient_through_solder","insufficient_through_solder_0091.jpg","D:\Xray\pcb_xray_annotation_workspace\images\insufficient_through_solder\insufficient_through_solder_0091.jpg","X光图片标记20260804-未标记","透锡不足","D:\科研\Xray存档\X光图片20260330\X光图片标记20260804\未标记\透锡不足\透锡不足 (13).JPG","FB6BF30E3872F44350F260D44F67F38A2E69A673B931659C7FA6D5ACF97D40C2","pending"
"insufficient_through_solder","insufficient_through_solder_0092.jpg","D:\Xray\pcb_xray_annotation_workspace\images\insufficient_through_solder\insufficient_through_solder_0092.jpg","X光图片标记20260804-未标记","透锡不足","D:\科研\Xray存档\X光图片20260330\X光图片标记20260804\未标记\透锡不足\透锡不足 (14).jpg","A7C03B3135CC3089F896A20A4A8108BBF2F99C96722AD51A4AC4A664C463FCB1","pending"
"insufficient_through_solder","insufficient_through_solder_0093.jpg","D:\Xray\pcb_xray_annotation_workspace\images\insufficient_through_solder\insufficient_through_solder_0093.jpg","X光图片标记20260804-未标记","透锡不足","D:\科研\Xray存档\X光图片20260330\X光图片标记20260804\未标记\透锡不足\透锡不足 (15).jpg","6B8B922B162195A58598266D56CE7EC2C5E8C593F8FAFBCAEEB7C094283478CA","pending"
"insufficient_through_solder","insufficient_through_solder_0094.jpg","D:\Xray\pcb_xray_annotation_workspace\images\insufficient_through_solder\insufficient_through_solder_0094.jpg","X光图片标记20260804-未标记","透锡不足","D:\科研\Xray存档\X光图片20260330\X光图片标记20260804\未标记\透锡不足\透锡不足 (16).jpg","203EB29242BB382D15D1DB1083C03EBC7EC1117A282EACAC7A3EADC239631EB2","pending"
"insufficient_through_solder","insufficient_through_solder_0095.jpg","D:\Xray\pcb_xray_annotation_workspace\images\insufficient_through_solder\insufficient_through_solder_0095.jpg","X光图片标记20260804-未标记","透锡不足","D:\科研\Xray存档\X光图片20260330\X光图片标记20260804\未标记\透锡不足\透锡不足 (17).jpg","98F053728FCD116388B7711B3715F3398D0C117EC7DD02ADFB07E0F27601679B","pending"
"insufficient_through_solder","insufficient_through_solder_0096.jpg","D:\Xray\pcb_xray_annotation_workspace\images\insufficient_through_solder\insufficient_through_solder_0096.jpg","X光图片标记20260804-未标记","透锡不足","D:\科研\Xray存档\X光图片20260330\X光图片标记20260804\未标记\透锡不足\透锡不足 (18).jpg","695C5BFA93FFFBC4B9136BCE5530DFBE168EB652B4B5115BDB77736F5109D4B7","pending"
"insufficient_through_solder","insufficient_through_solder_0097.jpg","D:\Xray\pcb_xray_annotation_workspace\images\insufficient_through_solder\insufficient_through_solder_0097.jpg","X光图片标记20260804-未标记","透锡不足","D:\科研\Xray存档\X光图片20260330\X光图片标记20260804\未标记\透锡不足\透锡不足 (19).jpg","B71EC4C8C531A52D46346EC9119A8EBD62936AEA1DB07CE62AEC65DA0DF39B12","pending"
"insufficient_through_solder","insufficient_through_solder_0098.jpg","D:\Xray\pcb_xray_annotation_workspace\images\insufficient_through_solder\insufficient_through_solder_0098.jpg","X光图片标记20260804-未标记","透锡不足","D:\科研\Xray存档\X光图片20260330\X光图片标记20260804\未标记\透锡不足\透锡不足 (2).jpg","58EB76BB930B7E86E039E695D5D987DF4D8908EBDC92B6FF0071861E0FCC7730","pending"
"insufficient_through_solder","insufficient_through_solder_0099.jpg","D:\Xray\pcb_xray_annotation_workspace\images\insufficient_through_solder\insufficient_through_solder_0099.jpg","X光图片标记20260804-未标记","透锡不足","D:\科研\Xray存档\X光图片20260330\X光图片标记20260804\未标记\透锡不足\透锡不足 (20).jpg","10EC2C9E40228D83A5D67B4634EEABE9C302ECE6386EDB0D3726809448DC4F3F","pending"
"insufficient_through_solder","insufficient_through_solder_0100.jpg","D:\Xray\pcb_xray_annotation_workspace\images\insufficient_through_solder\insufficient_through_solder_0100.jpg","X光图片标记20260804-未标记","透锡不足","D:\科研\Xray存档\X光图片20260330\X光图片标记20260804\未标记\透锡不足\透锡不足 (21).jpg","C4D97BCAB2352ABB553A3FA4CCD61D52735D29478CB3D3C4AB405D32BFAB0D31","pending"
"insufficient_through_solder","insufficient_through_solder_0101.jpg","D:\Xray\pcb_xray_annotation_workspace\images\insufficient_through_solder\insufficient_through_solder_0101.jpg","X光图片标记20260804-未标记","透锡不足","D:\科研\Xray存档\X光图片20260330\X光图片标记20260804\未标记\透锡不足\透锡不足 (22).jpg","45188A0B1C434DACDE2E72C4D3351BFF90C57328D8C3A6A63230888CB91BFA37","pending"
"insufficient_through_solder","insufficient_through_solder_0102.jpg","D:\Xray\pcb_xray_annotation_workspace\images\insufficient_through_solder\insufficient_through_solder_0102.jpg","X光图片标记20260804-未标记","透锡不足","D:\科研\Xray存档\X光图片20260330\X光图片标记20260804\未标记\透锡不足\透锡不足 (23).jpg","A755AFE0FB50BEDA36074F56ECA05F834294092C1B6081BE1D4E24A4F3299AA4","pending"
"insufficient_through_solder","insufficient_through_solder_0103.jpg","D:\Xray\pcb_xray_annotation_workspace\images\insufficient_through_solder\insufficient_through_solder_0103.jpg","X光图片标记20260804-未标记","透锡不足","D:\科研\Xray存档\X光图片20260330\X光图片标记20260804\未标记\透锡不足\透锡不足 (3).jpg","1B1AAD8FA52719C3856E672F057EFBDCAC2F596E74AA4CBC0E64DCBBA343E2AB","pending"
"insufficient_through_solder","insufficient_through_solder_0104.jpg","D:\Xray\pcb_xray_annotation_workspace\images\insufficient_through_solder\insufficient_through_solder_0104.jpg","X光图片标记20260804-未标记","透锡不足","D:\科研\Xray存档\X光图片20260330\X光图片标记20260804\未标记\透锡不足\透锡不足 (4).jpg","D8475FC92B02DFBD367E59706FFE85FEFF54093CA5DB863C60A13954824B232F","pending"
"insufficient_through_solder","insufficient_through_solder_0105.jpg","D:\Xray\pcb_xray_annotation_workspace\images\insufficient_through_solder\insufficient_through_solder_0105.jpg","X光图片标记20260804-未标记","透锡不足","D:\科研\Xray存档\X光图片20260330\X光图片标记20260804\未标记\透锡不足\透锡不足 (5).jpg","D31FC60EE4BFB444DD4295BF6190373B2AD4691ECFC686EE458D10AC3868787E","pending"
"insufficient_through_solder","insufficient_through_solder_0106.jpg","D:\Xray\pcb_xray_annotation_workspace\images\insufficient_through_solder\insufficient_through_solder_0106.jpg","X光图片标记20260804-未标记","透锡不足","D:\科研\Xray存档\X光图片20260330\X光图片标记20260804\未标记\透锡不足\透锡不足 (6).jpg","0F08D979528985DDF04A5527373D38BD40289B8B1DCE44E7A46C182BFD68D725","pending"
"insufficient_through_solder","insufficient_through_solder_0107.jpg","D:\Xray\pcb_xray_annotation_workspace\images\insufficient_through_solder\insufficient_through_solder_0107.jpg","X光图片标记20260804-未标记","透锡不足","D:\科研\Xray存档\X光图片20260330\X光图片标记20260804\未标记\透锡不足\透锡不足 (7).jpg","0DD07B9D2E6C408C71C84B1C1DE9CDA4F9292CDB47A38A3981B9D0885DDEE2AC","pending"
"insufficient_through_solder","insufficient_through_solder_0108.jpg","D:\Xray\pcb_xray_annotation_workspace\images\insufficient_through_solder\insufficient_through_solder_0108.jpg","X光图片标记20260804-未标记","透锡不足","D:\科研\Xray存档\X光图片20260330\X光图片标记20260804\未标记\透锡不足\透锡不足 (8).jpg","0CB22B03C6E2384F1AAAD85BCE60CB2B9C00FDA1F21D2469335C3EB0E7BC9C68","pending"
"insufficient_through_solder","insufficient_through_solder_0109.jpg","D:\Xray\pcb_xray_annotation_workspace\images\insufficient_through_solder\insufficient_through_solder_0109.jpg","X光图片标记20260804-未标记","透锡不足","D:\科研\Xray存档\X光图片20260330\X光图片标记20260804\未标记\透锡不足\透锡不足 (9).jpg","EC4FCBEE00991868C95BAD1E2D417BD7980C7D395AC588A2676D55942E973AB8","pending"
"bridge","bridge_0033.jpg","D:\Xray\pcb_xray_annotation_workspace\images\bridge\bridge_0033.jpg","X光图片标记20260804-未标记","桥连","D:\科研\Xray存档\X光图片20260330\X光图片标记20260804\未标记\桥连\桥连 (1).jpg","5CB81C97856BF6D7D8F058A81B3D1535A6E1B3DC8B4F7D54D50BDE10B27C1AC2","pending"
"bridge","bridge_0034.jpg","D:\Xray\pcb_xray_annotation_workspace\images\bridge\bridge_0034.jpg","X光图片标记20260804-未标记","桥连","D:\科研\Xray存档\X光图片20260330\X光图片标记20260804\未标记\桥连\桥连 (2).jpg","C0A36A497348BFB30438CC07823CAF5F97653134132A546B9CBDAEF2EF33C540","pending"
"void","void_0073.jpg","D:\Xray\pcb_xray_annotation_workspace\images\void\void_0073.jpg","X光图片标记20260804-未标记","空洞","D:\科研\Xray存档\X光图片20260330\X光图片标记20260804\未标记\空洞\空洞 (1).jpg","3FB916F705438A2E424A974769FAFE1F49BBCA8AE91955321513E2A2EF1C0406","pending"
"void","void_0074.jpg","D:\Xray\pcb_xray_annotation_workspace\images\void\void_0074.jpg","X光图片标记20260804-未标记","空洞","D:\科研\Xray存档\X光图片20260330\X光图片标记20260804\未标记\空洞\空洞 (10).jpg","91F3132791439D804190C797857514F2A0111D32C795C10D45D9A917140442F5","pending"
"void","void_0075.jpg","D:\Xray\pcb_xray_annotation_workspace\images\void\void_0075.jpg","X光图片标记20260804-未标记","空洞","D:\科研\Xray存档\X光图片20260330\X光图片标记20260804\未标记\空洞\空洞 (11).jpg","7D80CFABB5277B0B120282AF2C53F816441C0DE6C623DC157978B740EEB2AC2E","pending"
"void","void_0076.jpg","D:\Xray\pcb_xray_annotation_workspace\images\void\void_0076.jpg","X光图片标记20260804-未标记","空洞","D:\科研\Xray存档\X光图片20260330\X光图片标记20260804\未标记\空洞\空洞 (12).jpg","641625CC2E2C7A8BB3A93DF8CA82FF4835A0D9ADFC2B885E129465D3D5D9888F","pending"
"void","void_0077.jpg","D:\Xray\pcb_xray_annotation_workspace\images\void\void_0077.jpg","X光图片标记20260804-未标记","空洞","D:\科研\Xray存档\X光图片20260330\X光图片标记20260804\未标记\空洞\空洞 (13).jpg","00E22EBD35C2746C648716E454D5DFA7CFBC56FE1D691D52839C1873D365C0FC","pending"
"void","void_0078.jpg","D:\Xray\pcb_xray_annotation_workspace\images\void\void_0078.jpg","X光图片标记20260804-未标记","空洞","D:\科研\Xray存档\X光图片20260330\X光图片标记20260804\未标记\空洞\空洞 (14).jpg","6972C7C7F4A52899B013D0CB4DBA520AA2F11D2B812AA4E14F177563BC32B03F","pending"
"void","void_0079.jpg","D:\Xray\pcb_xray_annotation_workspace\images\void\void_0079.jpg","X光图片标记20260804-未标记","空洞","D:\科研\Xray存档\X光图片20260330\X光图片标记20260804\未标记\空洞\空洞 (15).jpg","78E4DDC512B6A4BDAC6126E4E7D77117612AB8493A2D68B031670747B2FBA032","pending"
"void","void_0080.jpg","D:\Xray\pcb_xray_annotation_workspace\images\void\void_0080.jpg","X光图片标记20260804-未标记","空洞","D:\科研\Xray存档\X光图片20260330\X光图片标记20260804\未标记\空洞\空洞 (16).jpg","093536B93AC26EF44F8FA7FD4BD9A66869D598014CE988E8BCD4EAB3D9DBCE70","pending"
"void","void_0081.jpg","D:\Xray\pcb_xray_annotation_workspace\images\void\void_0081.jpg","X光图片标记20260804-未标记","空洞","D:\科研\Xray存档\X光图片20260330\X光图片标记20260804\未标记\空洞\空洞 (17).jpg","67AAB178F7ABDE33EA3D88C841586AD8541FB2D4CF0BBF605BC31666715D3EFE","pending"
"void","void_0082.jpg","D:\Xray\pcb_xray_annotation_workspace\images\void\void_0082.jpg","X光图片标记20260804-未标记","空洞","D:\科研\Xray存档\X光图片20260330\X光图片标记20260804\未标记\空洞\空洞 (18).jpg","F44AC045DBF3D2374E2BEBBB17BA936A2774205439DF5EAFDC79807B84C20453","pending"
"void","void_0083.jpg","D:\Xray\pcb_xray_annotation_workspace\images\void\void_0083.jpg","X光图片标记20260804-未标记","空洞","D:\科研\Xray存档\X光图片20260330\X光图片标记20260804\未标记\空洞\空洞 (19).jpg","977EA8D27CEEA98FE036BA4DEA2176F81259510A188DA1F1A79420E0D8A2452F","pending"
"void","void_0084.jpg","D:\Xray\pcb_xray_annotation_workspace\images\void\void_0084.jpg","X光图片标记20260804-未标记","空洞","D:\科研\Xray存档\X光图片20260330\X光图片标记20260804\未标记\空洞\空洞 (2).jpg","5B7B9CACF633839E2BFC0821D0DF4BE8C3C045136981C09D4058CD12462A92A5","pending"
"void","void_0085.jpg","D:\Xray\pcb_xray_annotation_workspace\images\void\void_0085.jpg","X光图片标记20260804-未标记","空洞","D:\科研\Xray存档\X光图片20260330\X光图片标记20260804\未标记\空洞\空洞 (20).jpg","96BA7A237DEB2E721A6FD9627CC2A782747D69D8E60824C1116A386FA8D892C3","pending"
"void","void_0086.jpg","D:\Xray\pcb_xray_annotation_workspace\images\void\void_0086.jpg","X光图片标记20260804-未标记","空洞","D:\科研\Xray存档\X光图片20260330\X光图片标记20260804\未标记\空洞\空洞 (21).jpg","A0F6FF8E0D407F945D90F265329DB852F8E75C41636D4014DE764FA815F50AB0","pending"
"void","void_0087.jpg","D:\Xray\pcb_xray_annotation_workspace\images\void\void_0087.jpg","X光图片标记20260804-未标记","空洞","D:\科研\Xray存档\X光图片20260330\X光图片标记20260804\未标记\空洞\空洞 (22).jpg","A961F94C7251F5FE4AE8C2FB4E1C5BA2B76D0942A963B3F58AE502F5C5565D63","pending"
"void","void_0088.jpg","D:\Xray\pcb_xray_annotation_workspace\images\void\void_0088.jpg","X光图片标记20260804-未标记","空洞","D:\科研\Xray存档\X光图片20260330\X光图片标记20260804\未标记\空洞\空洞 (23).jpg","37E15B2611D059B6233602DF8BE314B57619F59F54D5350580BCCE9CEF616CE6","pending"
"void","void_0089.jpg","D:\Xray\pcb_xray_annotation_workspace\images\void\void_0089.jpg","X光图片标记20260804-未标记","空洞","D:\科研\Xray存档\X光图片20260330\X光图片标记20260804\未标记\空洞\空洞 (24).jpg","94AD7DB80683A2866C53F486742F869B45E8BF9ED98EF3ED84CABBA3167042B1","pending"
"void","void_0090.jpg","D:\Xray\pcb_xray_annotation_workspace\images\void\void_0090.jpg","X光图片标记20260804-未标记","空洞","D:\科研\Xray存档\X光图片20260330\X光图片标记20260804\未标记\空洞\空洞 (25).jpg","6733D53E54F1469EF739819C19EE23787C0837102F5D32DE9A60F0CEBB9A07D4","pending"
"void","void_0091.jpg","D:\Xray\pcb_xray_annotation_workspace\images\void\void_0091.jpg","X光图片标记20260804-未标记","空洞","D:\科研\Xray存档\X光图片20260330\X光图片标记20260804\未标记\空洞\空洞 (26).jpg","94CE7DDA18BD6FA1840E5743DB507D6414F6B68A9A4BCDA297D8A40D7431647D","pending"
"void","void_0092.jpg","D:\Xray\pcb_xray_annotation_workspace\images\void\void_0092.jpg","X光图片标记20260804-未标记","空洞","D:\科研\Xray存档\X光图片20260330\X光图片标记20260804\未标记\空洞\空洞 (27).jpg","02C2BE6F7ABA5719672C11E9068B40E39D77B3A06E5DA4FADDD433BAC1AE63BB","pending"
"void","void_0093.jpg","D:\Xray\pcb_xray_annotation_workspace\images\void\void_0093.jpg","X光图片标记20260804-未标记","空洞","D:\科研\Xray存档\X光图片20260330\X光图片标记20260804\未标记\空洞\空洞 (28).jpg","048D6C64B354F7F692B5BFD8E7BA996F621D5E63F19DA413CCAEF18636885470","pending"
"void","void_0094.jpg","D:\Xray\pcb_xray_annotation_workspace\images\void\void_0094.jpg","X光图片标记20260804-未标记","空洞","D:\科研\Xray存档\X光图片20260330\X光图片标记20260804\未标记\空洞\空洞 (29).jpg","1E41ABD5845EF3597A4234EC0E8610F81418CEDC742C9A9F8246550EE4871DF0","pending"
"void","void_0095.jpg","D:\Xray\pcb_xray_annotation_workspace\images\void\void_0095.jpg","X光图片标记20260804-未标记","空洞","D:\科研\Xray存档\X光图片20260330\X光图片标记20260804\未标记\空洞\空洞 (3).jpg","638BEE82B406E7C189B68EE6A3A0F668C29E7D12D8F3187FDB970DDACB224ECF","pending"
"void","void_0096.jpg","D:\Xray\pcb_xray_annotation_workspace\images\void\void_0096.jpg","X光图片标记20260804-未标记","空洞","D:\科研\Xray存档\X光图片20260330\X光图片标记20260804\未标记\空洞\空洞 (30).jpg","29D92DC7935AFA543807D1EF43454CA58B825F0F1975482F6D30C87E0418A34F","pending"
"void","void_0097.jpg","D:\Xray\pcb_xray_annotation_workspace\images\void\void_0097.jpg","X光图片标记20260804-未标记","空洞","D:\科研\Xray存档\X光图片20260330\X光图片标记20260804\未标记\空洞\空洞 (31).jpg","22E962F9C62F9A568C38E443727ADFDE1B469182AC86C6C616D04F0D64BDB1F1","pending"
"void","void_0098.jpg","D:\Xray\pcb_xray_annotation_workspace\images\void\void_0098.jpg","X光图片标记20260804-未标记","空洞","D:\科研\Xray存档\X光图片20260330\X光图片标记20260804\未标记\空洞\空洞 (32).jpg","3F3E09F87FDC65EA345AEBA01A5E6C5B8B935FBA3AE3A18ECD0EF7E9D7034C74","pending"
"void","void_0099.jpg","D:\Xray\pcb_xray_annotation_workspace\images\void\void_0099.jpg","X光图片标记20260804-未标记","空洞","D:\科研\Xray存档\X光图片20260330\X光图片标记20260804\未标记\空洞\空洞 (33).jpg","FB4F30CA82D83B642340EC440B25EA23EBC7B885B5F62D77D51E2DD846A2B014","pending"
"void","void_0100.jpg","D:\Xray\pcb_xray_annotation_workspace\images\void\void_0100.jpg","X光图片标记20260804-未标记","空洞","D:\科研\Xray存档\X光图片20260330\X光图片标记20260804\未标记\空洞\空洞 (34).jpg","A22A32C7DB86C34B751A7CFCEE7AB6936FF142751BE4B643BFEF6D8D0AAEAC66","pending"
"void","void_0101.jpg","D:\Xray\pcb_xray_annotation_workspace\images\void\void_0101.jpg","X光图片标记20260804-未标记","空洞","D:\科研\Xray存档\X光图片20260330\X光图片标记20260804\未标记\空洞\空洞 (35).jpg","765CBD438EDE8716BD50EB25653D5FED3842ACA218D3AB434C1501BD903AA95E","pending"
"void","void_0102.jpg","D:\Xray\pcb_xray_annotation_workspace\images\void\void_0102.jpg","X光图片标记20260804-未标记","空洞","D:\科研\Xray存档\X光图片20260330\X光图片标记20260804\未标记\空洞\空洞 (36).jpg","768BBB8AF318660EDF594F838B4C5F54581850D22E659923FBF8DB938F0B1019","pending"
"void","void_0103.jpg","D:\Xray\pcb_xray_annotation_workspace\images\void\void_0103.jpg","X光图片标记20260804-未标记","空洞","D:\科研\Xray存档\X光图片20260330\X光图片标记20260804\未标记\空洞\空洞 (37).jpg","1C12D24EB203CD1BA3971E4FFCD243D58F88F7F16FDBFB1058562B723624DA53","pending"
"void","void_0104.jpg","D:\Xray\pcb_xray_annotation_workspace\images\void\void_0104.jpg","X光图片标记20260804-未标记","空洞","D:\科研\Xray存档\X光图片20260330\X光图片标记20260804\未标记\空洞\空洞 (38).jpg","A7AF1E5BE77404863D11210009B128D1CB699D86FDC6CF8F448CCF6EB7252A52","pending"
"void","void_0105.jpg","D:\Xray\pcb_xray_annotation_workspace\images\void\void_0105.jpg","X光图片标记20260804-未标记","空洞","D:\科研\Xray存档\X光图片20260330\X光图片标记20260804\未标记\空洞\空洞 (39).jpg","86A6D575BF58462485CD7484556000B7A13AA0163FD0C6DE68EDB9A7F5A7C19A","pending"
"void","void_0106.jpg","D:\Xray\pcb_xray_annotation_workspace\images\void\void_0106.jpg","X光图片标记20260804-未标记","空洞","D:\科研\Xray存档\X光图片20260330\X光图片标记20260804\未标记\空洞\空洞 (4).jpg","D16D3741DE9EE0DE121BFC4482F01946E4592B026AA94DC585DCE58935BBBDCF","pending"
"void","void_0107.jpg","D:\Xray\pcb_xray_annotation_workspace\images\void\void_0107.jpg","X光图片标记20260804-未标记","空洞","D:\科研\Xray存档\X光图片20260330\X光图片标记20260804\未标记\空洞\空洞 (40).jpg","9C0FB4ACEC753CDEAF29845285F741EC3346D06247E878A93A56978FB40A073D","pending"
"void","void_0108.jpg","D:\Xray\pcb_xray_annotation_workspace\images\void\void_0108.jpg","X光图片标记20260804-未标记","空洞","D:\科研\Xray存档\X光图片20260330\X光图片标记20260804\未标记\空洞\空洞 (5).jpg","4AEFB9E0CD97A8E71F3518C03372B19F337BB0489D7D10F64B3325AB5D682327","pending"
"void","void_0109.jpg","D:\Xray\pcb_xray_annotation_workspace\images\void\void_0109.jpg","X光图片标记20260804-未标记","空洞","D:\科研\Xray存档\X光图片20260330\X光图片标记20260804\未标记\空洞\空洞 (6).jpg","B80D4B0C7C1341972E839CF8232521290CB0149BB7408F986E9E0FF6C71E6747","pending"
"void","void_0110.jpg","D:\Xray\pcb_xray_annotation_workspace\images\void\void_0110.jpg","X光图片标记20260804-未标记","空洞","D:\科研\Xray存档\X光图片20260330\X光图片标记20260804\未标记\空洞\空洞 (7).jpg","901FF5E9115687FC9FBB0A0B93A0001B7B443F201FED0007D2D65EA7E14ABE5B","pending"
"void","void_0111.jpg","D:\Xray\pcb_xray_annotation_workspace\images\void\void_0111.jpg","X光图片标记20260804-未标记","空洞","D:\科研\Xray存档\X光图片20260330\X光图片标记20260804\未标记\空洞\空洞 (8).jpg","82EAAE0877E8CDD40161EA5C7F778E4E70439BE21154D350DADA8BAE9F8DE061","pending"
"void","void_0112.jpg","D:\Xray\pcb_xray_annotation_workspace\images\void\void_0112.jpg","X光图片标记20260804-未标记","空洞","D:\科研\Xray存档\X光图片20260330\X光图片标记20260804\未标记\空洞\空洞 (9).jpg","1728E051621CC0C398D5B0214E80AEC8467E4805257A5677E3E64B54D1568036","pending"
