id,source_image,source_category,crop_left,crop_top,crop_right,crop_bottom,image_label,object_count
X光图片20260603_000001,X光图片20260603/未标注/多余物/多余物 (1).jpg,多余物,0,0,1024,1024,无,0
X光图片20260603_000002,X光图片20260603/未标注/多余物/多余物 (1).jpg,多余物,1024,0,2048,1024,缺陷,2
X光图片20260603_000003,X光图片20260603/未标注/多余物/多余物 (1).jpg,多余物,2048,0,2405,1024,无,0
X光图片20260603_000004,X光图片20260603/未标注/多余物/多余物 (1).jpg,多余物,0,1024,1024,1807,无,0
X光图片20260603_000005,X光图片20260603/未标注/多余物/多余物 (1).jpg,多余物,1024,1024,2048,1807,无,0
X光图片20260603_000006,X光图片20260603/未标注/多余物/多余物 (1).jpg,多余物,2048,1024,2405,1807,无,0
X光图片20260603_000007,X光图片20260603/未标注/多余物/多余物 (2).jpg,多余物,0,0,1024,1024,无,0
X光图片20260603_000008,X光图片20260603/未标注/多余物/多余物 (2).jpg,多余物,1024,0,2048,1024,缺陷,1
X光图片20260603_000009,X光图片20260603/未标注/多余物/多余物 (2).jpg,多余物,2048,0,3200,1024,无,0
X光图片20260603_000010,X光图片20260603/未标注/多余物/多余物 (2).jpg,多余物,0,1024,1024,2121,无,0
X光图片20260603_000011,X光图片20260603/未标注/多余物/多余物 (2).jpg,多余物,1024,1024,2048,2121,无,0
X光图片20260603_000012,X光图片20260603/未标注/多余物/多余物 (2).jpg,多余物,2048,1024,3200,2121,无,0
X光图片20260603_000013,X光图片20260603/未标注/多余物/多余物 (3).jpg,多余物,0,0,1024,1024,无,0
X光图片20260603_000014,X光图片20260603/未标注/多余物/多余物 (3).jpg,多余物,1024,0,2048,1024,缺陷,1
X光图片20260603_000015,X光图片20260603/未标注/多余物/多余物 (3).jpg,多余物,2048,0,3200,1024,无,0
X光图片20260603_000016,X光图片20260603/未标注/多余物/多余物 (3).jpg,多余物,0,1024,1024,2121,无,0
X光图片20260603_000017,X光图片20260603/未标注/多余物/多余物 (3).jpg,多余物,1024,1024,2048,2121,无,0
X光图片20260603_000018,X光图片20260603/未标注/多余物/多余物 (3).jpg,多余物,2048,1024,3200,2121,无,0
X光图片20260603_000019,X光图片20260603/未标注/多余物/多余物 (4).jpg,多余物,0,0,1024,1024,无,0
X光图片20260603_000020,X光图片20260603/未标注/多余物/多余物 (4).jpg,多余物,1024,0,2048,1024,无,0
X光图片20260603_000021,X光图片20260603/未标注/多余物/多余物 (4).jpg,多余物,2048,0,3200,1024,无,0
X光图片20260603_000022,X光图片20260603/未标注/多余物/多余物 (4).jpg,多余物,0,1024,1024,2121,无,0
X光图片20260603_000023,X光图片20260603/未标注/多余物/多余物 (4).jpg,多余物,1024,1024,2048,2121,缺陷,1
X光图片20260603_000024,X光图片20260603/未标注/多余物/多余物 (4).jpg,多余物,2048,1024,3200,2121,无,0
X光图片20260603_000025,X光图片20260603/未标注/多余物/多余物 (5).jpg,多余物,0,0,1059,1024,无,0
X光图片20260603_000026,X光图片20260603/未标注/多余物/多余物 (5).jpg,多余物,1059,0,2083,1024,无,0
X光图片20260603_000027,X光图片20260603/未标注/多余物/多余物 (5).jpg,多余物,2083,0,3200,1024,无,0
X光图片20260603_000028,X光图片20260603/未标注/多余物/多余物 (5).jpg,多余物,0,1024,1059,2121,缺陷,1
X光图片20260603_000029,X光图片20260603/未标注/多余物/多余物 (5).jpg,多余物,1059,1024,2083,2121,缺陷,1
X光图片20260603_000030,X光图片20260603/未标注/多余物/多余物 (5).jpg,多余物,2083,1024,3200,2121,无,0
X光图片20260603_000031,X光图片20260603/未标注/多余物/多余物 (6).jpg,多余物,0,0,1024,1024,缺陷,1
X光图片20260603_000032,X光图片20260603/未标注/多余物/多余物 (6).jpg,多余物,1024,0,2048,1024,无,0
X光图片20260603_000033,X光图片20260603/未标注/多余物/多余物 (6).jpg,多余物,2048,0,3200,1024,无,0
X光图片20260603_000034,X光图片20260603/未标注/多余物/多余物 (6).jpg,多余物,0,1024,1024,2121,无,0
X光图片20260603_000035,X光图片20260603/未标注/多余物/多余物 (6).jpg,多余物,1024,1024,2048,2121,缺陷,1
X光图片20260603_000036,X光图片20260603/未标注/多余物/多余物 (6).jpg,多余物,2048,1024,3200,2121,无,0
X光图片20260603_000037,X光图片20260603/未标注/多余物/多余物 (7).jpg,多余物,0,0,1024,1024,无,0
X光图片20260603_000038,X光图片20260603/未标注/多余物/多余物 (7).jpg,多余物,1024,0,2048,1024,缺陷,1
X光图片20260603_000039,X光图片20260603/未标注/多余物/多余物 (7).jpg,多余物,2048,0,3200,1024,无,0
X光图片20260603_000040,X光图片20260603/未标注/多余物/多余物 (7).jpg,多余物,0,1024,1024,2121,无,0
X光图片20260603_000041,X光图片20260603/未标注/多余物/多余物 (7).jpg,多余物,1024,1024,2048,2121,无,0
X光图片20260603_000042,X光图片20260603/未标注/多余物/多余物 (7).jpg,多余物,2048,1024,3200,2121,无,0
X光图片20260603_000043,X光图片20260603/未标注/多余物/多余物 (8).jpg,多余物,0,0,1024,1024,缺陷,1
X光图片20260603_000044,X光图片20260603/未标注/多余物/多余物 (8).jpg,多余物,1024,0,2048,1024,无,0
X光图片20260603_000045,X光图片20260603/未标注/多余物/多余物 (8).jpg,多余物,2048,0,3200,1024,无,0
X光图片20260603_000046,X光图片20260603/未标注/多余物/多余物 (8).jpg,多余物,0,1024,1024,2121,无,0
X光图片20260603_000047,X光图片20260603/未标注/多余物/多余物 (8).jpg,多余物,1024,1024,2048,2121,缺陷,1
X光图片20260603_000048,X光图片20260603/未标注/多余物/多余物 (8).jpg,多余物,2048,1024,3200,2121,无,0
X光图片20260603_000049,X光图片20260603/未标注/多余物/多余物 (9).jpg,多余物,0,0,1024,1024,无,0
X光图片20260603_000050,X光图片20260603/未标注/多余物/多余物 (9).jpg,多余物,1024,0,2048,1024,无,0
X光图片20260603_000051,X光图片20260603/未标注/多余物/多余物 (9).jpg,多余物,2048,0,3200,1024,无,0
X光图片20260603_000052,X光图片20260603/未标注/多余物/多余物 (9).jpg,多余物,0,1024,1024,2121,无,0
X光图片20260603_000053,X光图片20260603/未标注/多余物/多余物 (9).jpg,多余物,1024,1024,2048,2121,缺陷,1
X光图片20260603_000054,X光图片20260603/未标注/多余物/多余物 (9).jpg,多余物,2048,1024,3200,2121,无,0
X光图片20260603_000055,X光图片20260603/未标注/多余物/多余物 (10).jpg,多余物,0,0,1024,1024,缺陷,1
X光图片20260603_000056,X光图片20260603/未标注/多余物/多余物 (10).jpg,多余物,1024,0,2048,1024,无,0
X光图片20260603_000057,X光图片20260603/未标注/多余物/多余物 (10).jpg,多余物,2048,0,3200,1024,无,0
X光图片20260603_000058,X光图片20260603/未标注/多余物/多余物 (10).jpg,多余物,0,1024,1024,2121,无,0
X光图片20260603_000059,X光图片20260603/未标注/多余物/多余物 (10).jpg,多余物,1024,1024,2048,2121,无,0
X光图片20260603_000060,X光图片20260603/未标注/多余物/多余物 (10).jpg,多余物,2048,1024,3200,2121,无,0
X光图片20260603_000061,X光图片20260603/未标注/多余物/多余物 (11).jpg,多余物,0,0,1024,1024,缺陷,1
X光图片20260603_000062,X光图片20260603/未标注/多余物/多余物 (11).jpg,多余物,1024,0,2048,1024,无,0
X光图片20260603_000063,X光图片20260603/未标注/多余物/多余物 (11).jpg,多余物,2048,0,3200,1024,无,0
X光图片20260603_000064,X光图片20260603/未标注/多余物/多余物 (11).jpg,多余物,0,1024,1024,2121,无,0
X光图片20260603_000065,X光图片20260603/未标注/多余物/多余物 (11).jpg,多余物,1024,1024,2048,2121,无,0
X光图片20260603_000066,X光图片20260603/未标注/多余物/多余物 (11).jpg,多余物,2048,1024,3200,2121,无,0
X光图片20260603_000067,X光图片20260603/未标注/多余物/多余物 (12).jpg,多余物,0,0,1024,1024,缺陷,1
X光图片20260603_000068,X光图片20260603/未标注/多余物/多余物 (12).jpg,多余物,1024,0,2048,1024,无,0
X光图片20260603_000069,X光图片20260603/未标注/多余物/多余物 (12).jpg,多余物,2048,0,3200,1024,无,0
X光图片20260603_000070,X光图片20260603/未标注/多余物/多余物 (12).jpg,多余物,0,1024,1024,2121,无,0
X光图片20260603_000071,X光图片20260603/未标注/多余物/多余物 (12).jpg,多余物,1024,1024,2048,2121,无,0
X光图片20260603_000072,X光图片20260603/未标注/多余物/多余物 (12).jpg,多余物,2048,1024,3200,2121,无,0
X光图片20260603_000073,X光图片20260603/未标注/多余物/多余物 (13).jpg,多余物,0,0,1024,1024,缺陷,1
X光图片20260603_000074,X光图片20260603/未标注/多余物/多余物 (13).jpg,多余物,1024,0,1747,1024,无,0
X光图片20260603_000075,X光图片20260603/未标注/多余物/多余物 (13).jpg,多余物,0,1024,1024,1560,无,0
X光图片20260603_000076,X光图片20260603/未标注/多余物/多余物 (13).jpg,多余物,1024,1024,1747,1560,无,0
X光图片20260603_000077,X光图片20260603/未标注/多余物/多余物 (14).jpg,多余物,0,0,973,1053,无,0
X光图片20260603_000078,X光图片20260603/未标注/多余物/多余物 (14).jpg,多余物,973,0,1997,1053,缺陷,1
X光图片20260603_000079,X光图片20260603/未标注/多余物/多余物 (14).jpg,多余物,1997,0,3200,1053,无,0
X光图片20260603_000080,X光图片20260603/未标注/多余物/多余物 (14).jpg,多余物,0,1053,973,2121,无,0
X光图片20260603_000081,X光图片20260603/未标注/多余物/多余物 (14).jpg,多余物,973,1053,1997,2121,缺陷,1
X光图片20260603_000082,X光图片20260603/未标注/多余物/多余物 (14).jpg,多余物,1997,1053,3200,2121,无,0
X光图片20260603_000083,X光图片20260603/未标注/多余物/多余物 (15).jpg,多余物,0,0,1024,1024,无,0
X光图片20260603_000084,X光图片20260603/未标注/多余物/多余物 (15).jpg,多余物,1024,0,2048,1024,缺陷,2
X光图片20260603_000085,X光图片20260603/未标注/多余物/多余物 (15).jpg,多余物,2048,0,3200,1024,无,0
X光图片20260603_000086,X光图片20260603/未标注/多余物/多余物 (15).jpg,多余物,0,1024,1024,2121,无,0
X光图片20260603_000087,X光图片20260603/未标注/多余物/多余物 (15).jpg,多余物,1024,1024,2048,2121,无,0
X光图片20260603_000088,X光图片20260603/未标注/多余物/多余物 (15).jpg,多余物,2048,1024,3200,2121,无,0
X光图片20260603_000089,X光图片20260603/未标注/多余物/多余物 (16).jpg,多余物,0,0,1024,1024,无,0
X光图片20260603_000090,X光图片20260603/未标注/多余物/多余物 (16).jpg,多余物,1024,0,2048,1024,缺陷,1
X光图片20260603_000091,X光图片20260603/未标注/多余物/多余物 (16).jpg,多余物,2048,0,3200,1024,无,0
X光图片20260603_000092,X光图片20260603/未标注/多余物/多余物 (16).jpg,多余物,0,1024,1024,2121,无,0
X光图片20260603_000093,X光图片20260603/未标注/多余物/多余物 (16).jpg,多余物,1024,1024,2048,2121,无,0
X光图片20260603_000094,X光图片20260603/未标注/多余物/多余物 (16).jpg,多余物,2048,1024,3200,2121,无,0
X光图片20260603_000095,X光图片20260603/未标注/多余物/多余物 (17).jpg,多余物,0,0,1024,1024,缺陷,1
X光图片20260603_000096,X光图片20260603/未标注/多余物/多余物 (17).jpg,多余物,1024,0,2048,1024,无,0
X光图片20260603_000097,X光图片20260603/未标注/多余物/多余物 (17).jpg,多余物,2048,0,2405,1024,无,0
X光图片20260603_000098,X光图片20260603/未标注/多余物/多余物 (17).jpg,多余物,0,1024,1024,1799,无,0
X光图片20260603_000099,X光图片20260603/未标注/多余物/多余物 (17).jpg,多余物,1024,1024,2048,1799,无,0
X光图片20260603_000100,X光图片20260603/未标注/多余物/多余物 (17).jpg,多余物,2048,1024,2405,1799,无,0
X光图片20260603_000101,X光图片20260603/未标注/多余物/多余物 (18).jpg,多余物,0,0,1024,1024,无,0
X光图片20260603_000102,X光图片20260603/未标注/多余物/多余物 (18).jpg,多余物,1024,0,2048,1024,无,0
X光图片20260603_000103,X光图片20260603/未标注/多余物/多余物 (18).jpg,多余物,2048,0,2408,1024,无,0
X光图片20260603_000104,X光图片20260603/未标注/多余物/多余物 (18).jpg,多余物,0,1024,1024,1799,缺陷,1
X光图片20260603_000105,X光图片20260603/未标注/多余物/多余物 (18).jpg,多余物,1024,1024,2048,1799,缺陷,2
X光图片20260603_000106,X光图片20260603/未标注/多余物/多余物 (18).jpg,多余物,2048,1024,2408,1799,无,0
X光图片20260603_000107,X光图片20260603/未标注/多余物/多余物 (19).jpg,多余物,0,0,1024,1024,无,0
X光图片20260603_000108,X光图片20260603/未标注/多余物/多余物 (19).jpg,多余物,1024,0,2048,1024,无,0
X光图片20260603_000109,X光图片20260603/未标注/多余物/多余物 (19).jpg,多余物,2048,0,2405,1024,无,0
X光图片20260603_000110,X光图片20260603/未标注/多余物/多余物 (19).jpg,多余物,0,1024,1024,1799,缺陷,1
X光图片20260603_000111,X光图片20260603/未标注/多余物/多余物 (19).jpg,多余物,1024,1024,2048,1799,缺陷,2
X光图片20260603_000112,X光图片20260603/未标注/多余物/多余物 (19).jpg,多余物,2048,1024,2405,1799,无,0
X光图片20260603_000113,X光图片20260603/未标注/多余物/多余物 (20).jpg,多余物,0,0,987,1024,无,0
X光图片20260603_000114,X光图片20260603/未标注/多余物/多余物 (20).jpg,多余物,987,0,2011,1024,无,0
X光图片20260603_000115,X光图片20260603/未标注/多余物/多余物 (20).jpg,多余物,2011,0,2397,1024,无,0
X光图片20260603_000116,X光图片20260603/未标注/多余物/多余物 (20).jpg,多余物,0,1024,987,1805,无,0
X光图片20260603_000117,X光图片20260603/未标注/多余物/多余物 (20).jpg,多余物,987,1024,2011,1805,缺陷,1
X光图片20260603_000118,X光图片20260603/未标注/多余物/多余物 (20).jpg,多余物,2011,1024,2397,1805,无,0
X光图片20260603_000119,X光图片20260603/未标注/多余物/多余物 (21).jpg,多余物,0,0,985,1024,无,0
X光图片20260603_000120,X光图片20260603/未标注/多余物/多余物 (21).jpg,多余物,985,0,2009,1024,无,0
X光图片20260603_000121,X光图片20260603/未标注/多余物/多余物 (21).jpg,多余物,2009,0,2402,1024,无,0
X光图片20260603_000122,X光图片20260603/未标注/多余物/多余物 (21).jpg,多余物,0,1024,985,1794,无,0
X光图片20260603_000123,X光图片20260603/未标注/多余物/多余物 (21).jpg,多余物,985,1024,2009,1794,缺陷,1
X光图片20260603_000124,X光图片20260603/未标注/多余物/多余物 (21).jpg,多余物,2009,1024,2402,1794,无,0
X光图片20260603_000125,X光图片20260603/未标注/多余物/多余物 (22).jpg,多余物,0,0,1024,1024,无,0
X光图片20260603_000126,X光图片20260603/未标注/多余物/多余物 (22).jpg,多余物,1024,0,2048,1024,无,0
X光图片20260603_000127,X光图片20260603/未标注/多余物/多余物 (22).jpg,多余物,2048,0,3200,1024,无,0
X光图片20260603_000128,X光图片20260603/未标注/多余物/多余物 (22).jpg,多余物,0,1024,1024,2121,无,0
X光图片20260603_000129,X光图片20260603/未标注/多余物/多余物 (22).jpg,多余物,1024,1024,2048,2121,缺陷,1
X光图片20260603_000130,X光图片20260603/未标注/多余物/多余物 (22).jpg,多余物,2048,1024,3200,2121,无,0
X光图片20260603_000131,X光图片20260603/未标注/多余物/多余物 (23).jpg,多余物,0,0,1015,1024,无,0
X光图片20260603_000132,X光图片20260603/未标注/多余物/多余物 (23).jpg,多余物,1015,0,2039,1024,无,0
X光图片20260603_000133,X光图片20260603/未标注/多余物/多余物 (23).jpg,多余物,2039,0,3200,1024,无,0
X光图片20260603_000134,X光图片20260603/未标注/多余物/多余物 (23).jpg,多余物,0,1024,1015,2121,无,0
X光图片20260603_000135,X光图片20260603/未标注/多余物/多余物 (23).jpg,多余物,1015,1024,2039,2121,缺陷,1
X光图片20260603_000136,X光图片20260603/未标注/多余物/多余物 (23).jpg,多余物,2039,1024,3200,2121,无,0
X光图片20260603_000137,X光图片20260603/未标注/多余物/多余物 (24).jpg,多余物,0,0,1024,1024,无,0
X光图片20260603_000138,X光图片20260603/未标注/多余物/多余物 (24).jpg,多余物,1024,0,2048,1024,无,0
X光图片20260603_000139,X光图片20260603/未标注/多余物/多余物 (24).jpg,多余物,2048,0,3200,1024,无,0
X光图片20260603_000140,X光图片20260603/未标注/多余物/多余物 (24).jpg,多余物,0,1024,1024,2121,无,0
X光图片20260603_000141,X光图片20260603/未标注/多余物/多余物 (24).jpg,多余物,1024,1024,2048,2121,缺陷,1
X光图片20260603_000142,X光图片20260603/未标注/多余物/多余物 (24).jpg,多余物,2048,1024,3200,2121,无,0
X光图片20260603_000143,X光图片20260603/未标注/多余物/多余物 (25).jpg,多余物,0,0,1024,1024,缺陷,1
X光图片20260603_000144,X光图片20260603/未标注/多余物/多余物 (25).jpg,多余物,1024,0,2048,1024,无,0
X光图片20260603_000145,X光图片20260603/未标注/多余物/多余物 (25).jpg,多余物,2048,0,3200,1024,无,0
X光图片20260603_000146,X光图片20260603/未标注/多余物/多余物 (25).jpg,多余物,0,1024,1024,2121,无,0
X光图片20260603_000147,X光图片20260603/未标注/多余物/多余物 (25).jpg,多余物,1024,1024,2048,2121,无,0
X光图片20260603_000148,X光图片20260603/未标注/多余物/多余物 (25).jpg,多余物,2048,1024,3200,2121,无,0
X光图片20260603_000149,X光图片20260603/未标注/多余物/多余物 (26).jpg,多余物,0,0,1024,1024,缺陷,1
X光图片20260603_000150,X光图片20260603/未标注/多余物/多余物 (26).jpg,多余物,1024,0,2048,1024,无,0
X光图片20260603_000151,X光图片20260603/未标注/多余物/多余物 (26).jpg,多余物,2048,0,3200,1024,无,0
X光图片20260603_000152,X光图片20260603/未标注/多余物/多余物 (26).jpg,多余物,0,1024,1024,2121,无,0
X光图片20260603_000153,X光图片20260603/未标注/多余物/多余物 (26).jpg,多余物,1024,1024,2048,2121,无,0
X光图片20260603_000154,X光图片20260603/未标注/多余物/多余物 (26).jpg,多余物,2048,1024,3200,2121,无,0
X光图片20260603_000155,X光图片20260603/未标注/多余物/多余物 (27).jpg,多余物,0,0,1024,1024,无,0
X光图片20260603_000156,X光图片20260603/未标注/多余物/多余物 (27).jpg,多余物,1024,0,2048,1024,缺陷,1
X光图片20260603_000157,X光图片20260603/未标注/多余物/多余物 (27).jpg,多余物,2048,0,3200,1024,无,0
X光图片20260603_000158,X光图片20260603/未标注/多余物/多余物 (27).jpg,多余物,0,1024,1024,2121,无,0
X光图片20260603_000159,X光图片20260603/未标注/多余物/多余物 (27).jpg,多余物,1024,1024,2048,2121,无,0
X光图片20260603_000160,X光图片20260603/未标注/多余物/多余物 (27).jpg,多余物,2048,1024,3200,2121,无,0
X光图片20260603_000161,X光图片20260603/未标注/多余物/多余物 (28).jpg,多余物,0,0,1024,1024,无,0
X光图片20260603_000162,X光图片20260603/未标注/多余物/多余物 (28).jpg,多余物,1024,0,2048,1024,缺陷,1
X光图片20260603_000163,X光图片20260603/未标注/多余物/多余物 (28).jpg,多余物,2048,0,3200,1024,无,0
X光图片20260603_000164,X光图片20260603/未标注/多余物/多余物 (28).jpg,多余物,0,1024,1024,2121,无,0
X光图片20260603_000165,X光图片20260603/未标注/多余物/多余物 (28).jpg,多余物,1024,1024,2048,2121,无,0
X光图片20260603_000166,X光图片20260603/未标注/多余物/多余物 (28).jpg,多余物,2048,1024,3200,2121,无,0
X光图片20260603_000167,X光图片20260603/未标注/多余物/多余物 (29).jpg,多余物,0,0,1024,1032,无,0
X光图片20260603_000168,X光图片20260603/未标注/多余物/多余物 (29).jpg,多余物,1024,0,2048,1032,缺陷,1
X光图片20260603_000169,X光图片20260603/未标注/多余物/多余物 (29).jpg,多余物,2048,0,3200,1032,无,0
X光图片20260603_000170,X光图片20260603/未标注/多余物/多余物 (29).jpg,多余物,0,1032,1024,2121,无,0
X光图片20260603_000171,X光图片20260603/未标注/多余物/多余物 (29).jpg,多余物,1024,1032,2048,2121,无,0
X光图片20260603_000172,X光图片20260603/未标注/多余物/多余物 (29).jpg,多余物,2048,1032,3200,2121,无,0
X光图片20260603_000173,X光图片20260603/未标注/多余物/多余物 (30).jpg,多余物,0,0,1024,1024,无,0
X光图片20260603_000174,X光图片20260603/未标注/多余物/多余物 (30).jpg,多余物,1024,0,2048,1024,缺陷,1
X光图片20260603_000175,X光图片20260603/未标注/多余物/多余物 (30).jpg,多余物,2048,0,3200,1024,无,0
X光图片20260603_000176,X光图片20260603/未标注/多余物/多余物 (30).jpg,多余物,0,1024,1024,2121,缺陷,1
X光图片20260603_000177,X光图片20260603/未标注/多余物/多余物 (30).jpg,多余物,1024,1024,2048,2121,无,0
X光图片20260603_000178,X光图片20260603/未标注/多余物/多余物 (30).jpg,多余物,2048,1024,3200,2121,无,0
X光图片20260603_000179,X光图片20260603/未标注/多余物/多余物 (31).jpg,多余物,0,0,1024,1024,无,0
X光图片20260603_000180,X光图片20260603/未标注/多余物/多余物 (31).jpg,多余物,1024,0,2048,1024,缺陷,1
X光图片20260603_000181,X光图片20260603/未标注/多余物/多余物 (31).jpg,多余物,2048,0,3200,1024,无,0
X光图片20260603_000182,X光图片20260603/未标注/多余物/多余物 (31).jpg,多余物,0,1024,1024,2121,缺陷,1
X光图片20260603_000183,X光图片20260603/未标注/多余物/多余物 (31).jpg,多余物,1024,1024,2048,2121,无,0
X光图片20260603_000184,X光图片20260603/未标注/多余物/多余物 (31).jpg,多余物,2048,1024,3200,2121,无,0
X光图片20260603_000185,X光图片20260603/未标注/多余物/多余物 (32).jpg,多余物,0,0,1024,1024,无,0
X光图片20260603_000186,X光图片20260603/未标注/多余物/多余物 (32).jpg,多余物,1024,0,2048,1024,缺陷,1
X光图片20260603_000187,X光图片20260603/未标注/多余物/多余物 (32).jpg,多余物,2048,0,3200,1024,无,0
X光图片20260603_000188,X光图片20260603/未标注/多余物/多余物 (32).jpg,多余物,0,1024,1024,2121,无,0
X光图片20260603_000189,X光图片20260603/未标注/多余物/多余物 (32).jpg,多余物,1024,1024,2048,2121,无,0
X光图片20260603_000190,X光图片20260603/未标注/多余物/多余物 (32).jpg,多余物,2048,1024,3200,2121,无,0
X光图片20260603_000191,X光图片20260603/未标注/多余物/多余物 (33).jpg,多余物,0,0,1024,1024,无,0
X光图片20260603_000192,X光图片20260603/未标注/多余物/多余物 (33).jpg,多余物,1024,0,2048,1024,缺陷,1
X光图片20260603_000193,X光图片20260603/未标注/多余物/多余物 (33).jpg,多余物,2048,0,3200,1024,无,0
X光图片20260603_000194,X光图片20260603/未标注/多余物/多余物 (33).jpg,多余物,0,1024,1024,2121,无,0
X光图片20260603_000195,X光图片20260603/未标注/多余物/多余物 (33).jpg,多余物,1024,1024,2048,2121,无,0
X光图片20260603_000196,X光图片20260603/未标注/多余物/多余物 (33).jpg,多余物,2048,1024,3200,2121,无,0
X光图片20260603_000197,X光图片20260603/未标注/多余物/多余物 (34).jpg,多余物,0,0,1024,1067,缺陷,1
X光图片20260603_000198,X光图片20260603/未标注/多余物/多余物 (34).jpg,多余物,1024,0,2048,1067,无,0
X光图片20260603_000199,X光图片20260603/未标注/多余物/多余物 (34).jpg,多余物,2048,0,3200,1067,无,0
X光图片20260603_000200,X光图片20260603/未标注/多余物/多余物 (34).jpg,多余物,0,1067,1024,2121,无,0
X光图片20260603_000201,X光图片20260603/未标注/多余物/多余物 (34).jpg,多余物,1024,1067,2048,2121,缺陷,1
X光图片20260603_000202,X光图片20260603/未标注/多余物/多余物 (34).jpg,多余物,2048,1067,3200,2121,无,0
X光图片20260603_000203,X光图片20260603/未标注/多余物/多余物 (35).jpg,多余物,0,0,1024,983,无,0
X光图片20260603_000204,X光图片20260603/未标注/多余物/多余物 (35).jpg,多余物,1024,0,2048,983,无,0
X光图片20260603_000205,X光图片20260603/未标注/多余物/多余物 (35).jpg,多余物,2048,0,3200,983,无,0
X光图片20260603_000206,X光图片20260603/未标注/多余物/多余物 (35).jpg,多余物,0,983,1024,2121,缺陷,1
X光图片20260603_000207,X光图片20260603/未标注/多余物/多余物 (35).jpg,多余物,1024,983,2048,2121,缺陷,1
X光图片20260603_000208,X光图片20260603/未标注/多余物/多余物 (35).jpg,多余物,2048,983,3200,2121,无,0
X光图片20260603_000209,X光图片20260603/未标注/多余物/多余物 (36).jpg,多余物,0,0,1024,1024,缺陷,1
X光图片20260603_000210,X光图片20260603/未标注/多余物/多余物 (36).jpg,多余物,1024,0,2048,1024,无,0
X光图片20260603_000211,X光图片20260603/未标注/多余物/多余物 (36).jpg,多余物,2048,0,3200,1024,无,0
X光图片20260603_000212,X光图片20260603/未标注/多余物/多余物 (36).jpg,多余物,0,1024,1024,2121,缺陷,1
X光图片20260603_000213,X光图片20260603/未标注/多余物/多余物 (36).jpg,多余物,1024,1024,2048,2121,无,0
X光图片20260603_000214,X光图片20260603/未标注/多余物/多余物 (36).jpg,多余物,2048,1024,3200,2121,无,0
X光图片20260603_000215,X光图片20260603/未标注/多余物/多余物 (37).jpg,多余物,0,0,1024,1024,缺陷,1
X光图片20260603_000216,X光图片20260603/未标注/多余物/多余物 (37).jpg,多余物,1024,0,2048,1024,无,0
X光图片20260603_000217,X光图片20260603/未标注/多余物/多余物 (37).jpg,多余物,2048,0,3200,1024,无,0
X光图片20260603_000218,X光图片20260603/未标注/多余物/多余物 (37).jpg,多余物,0,1024,1024,2121,缺陷,1
X光图片20260603_000219,X光图片20260603/未标注/多余物/多余物 (37).jpg,多余物,1024,1024,2048,2121,无,0
X光图片20260603_000220,X光图片20260603/未标注/多余物/多余物 (37).jpg,多余物,2048,1024,3200,2121,无,0
X光图片20260603_000221,X光图片20260603/未标注/多余物/多余物 (38).jpg,多余物,0,0,1066,1024,无,0
X光图片20260603_000222,X光图片20260603/未标注/多余物/多余物 (38).jpg,多余物,1066,0,2090,1024,无,0
X光图片20260603_000223,X光图片20260603/未标注/多余物/多余物 (38).jpg,多余物,2090,0,3200,1024,无,0
X光图片20260603_000224,X光图片20260603/未标注/多余物/多余物 (38).jpg,多余物,0,1024,1066,2121,缺陷,1
X光图片20260603_000225,X光图片20260603/未标注/多余物/多余物 (38).jpg,多余物,1066,1024,2090,2121,无,0
X光图片20260603_000226,X光图片20260603/未标注/多余物/多余物 (38).jpg,多余物,2090,1024,3200,2121,无,0
X光图片20260603_000227,X光图片20260603/未标注/多余物/多余物 (39).jpg,多余物,0,0,1024,1024,无,0
X光图片20260603_000228,X光图片20260603/未标注/多余物/多余物 (39).jpg,多余物,1024,0,2048,1024,缺陷,2
X光图片20260603_000229,X光图片20260603/未标注/多余物/多余物 (39).jpg,多余物,2048,0,3200,1024,无,0
X光图片20260603_000230,X光图片20260603/未标注/多余物/多余物 (39).jpg,多余物,0,1024,1024,2121,无,0
X光图片20260603_000231,X光图片20260603/未标注/多余物/多余物 (39).jpg,多余物,1024,1024,2048,2121,无,0
X光图片20260603_000232,X光图片20260603/未标注/多余物/多余物 (39).jpg,多余物,2048,1024,3200,2121,无,0
X光图片20260603_000233,X光图片20260603/未标注/多余物/多余物 (40).jpg,多余物,0,0,1024,1024,无,0
X光图片20260603_000234,X光图片20260603/未标注/多余物/多余物 (40).jpg,多余物,1024,0,2048,1024,无,0
X光图片20260603_000235,X光图片20260603/未标注/多余物/多余物 (40).jpg,多余物,2048,0,3200,1024,无,0
X光图片20260603_000236,X光图片20260603/未标注/多余物/多余物 (40).jpg,多余物,0,1024,1024,2121,无,0
X光图片20260603_000237,X光图片20260603/未标注/多余物/多余物 (40).jpg,多余物,1024,1024,2048,2121,缺陷,1
X光图片20260603_000238,X光图片20260603/未标注/多余物/多余物 (40).jpg,多余物,2048,1024,3200,2121,无,0
X光图片20260603_000239,X光图片20260603/未标注/多余物/多余物 (41).jpg,多余物,0,0,1024,1024,无,0
X光图片20260603_000240,X光图片20260603/未标注/多余物/多余物 (41).jpg,多余物,1024,0,2048,1024,无,0
X光图片20260603_000241,X光图片20260603/未标注/多余物/多余物 (41).jpg,多余物,2048,0,3200,1024,无,0
X光图片20260603_000242,X光图片20260603/未标注/多余物/多余物 (41).jpg,多余物,0,1024,1024,2121,无,0
X光图片20260603_000243,X光图片20260603/未标注/多余物/多余物 (41).jpg,多余物,1024,1024,2048,2121,缺陷,1
X光图片20260603_000244,X光图片20260603/未标注/多余物/多余物 (41).jpg,多余物,2048,1024,3200,2121,无,0
X光图片20260603_000245,X光图片20260603/未标注/多余物/多余物 (42).jpg,多余物,0,0,1024,1024,缺陷,1
X光图片20260603_000246,X光图片20260603/未标注/多余物/多余物 (42).jpg,多余物,1024,0,1747,1024,无,0
X光图片20260603_000247,X光图片20260603/未标注/多余物/多余物 (42).jpg,多余物,0,1024,1024,1560,无,0
X光图片20260603_000248,X光图片20260603/未标注/多余物/多余物 (42).jpg,多余物,1024,1024,1747,1560,无,0
X光图片20260603_000249,X光图片20260603/未标注/多余物/多余物 (43).jpg,多余物,0,0,1024,1024,缺陷,1
X光图片20260603_000250,X光图片20260603/未标注/多余物/多余物 (43).jpg,多余物,1024,0,2048,1024,无,0
X光图片20260603_000251,X光图片20260603/未标注/多余物/多余物 (43).jpg,多余物,2048,0,3200,1024,无,0
X光图片20260603_000252,X光图片20260603/未标注/多余物/多余物 (43).jpg,多余物,0,1024,1024,2121,无,0
X光图片20260603_000253,X光图片20260603/未标注/多余物/多余物 (43).jpg,多余物,1024,1024,2048,2121,无,0
X光图片20260603_000254,X光图片20260603/未标注/多余物/多余物 (43).jpg,多余物,2048,1024,3200,2121,无,0
X光图片20260603_000255,X光图片20260603/未标注/多余物/多余物 (44).jpg,多余物,0,0,1024,1024,缺陷,1
X光图片20260603_000256,X光图片20260603/未标注/多余物/多余物 (44).jpg,多余物,1024,0,1747,1024,无,0
X光图片20260603_000257,X光图片20260603/未标注/多余物/多余物 (44).jpg,多余物,0,1024,1024,1560,无,0
X光图片20260603_000258,X光图片20260603/未标注/多余物/多余物 (44).jpg,多余物,1024,1024,1747,1560,无,0
X光图片20260603_000259,X光图片20260603/未标注/多余物/多余物 (45).jpg,多余物,0,0,1024,1024,无,0
X光图片20260603_000260,X光图片20260603/未标注/多余物/多余物 (45).jpg,多余物,1024,0,2048,1024,缺陷,1
X光图片20260603_000261,X光图片20260603/未标注/多余物/多余物 (45).jpg,多余物,2048,0,3200,1024,无,0
X光图片20260603_000262,X光图片20260603/未标注/多余物/多余物 (45).jpg,多余物,0,1024,1024,2121,无,0
X光图片20260603_000263,X光图片20260603/未标注/多余物/多余物 (45).jpg,多余物,1024,1024,2048,2121,无,0
X光图片20260603_000264,X光图片20260603/未标注/多余物/多余物 (45).jpg,多余物,2048,1024,3200,2121,无,0
X光图片20260603_000265,X光图片20260603/未标注/多余物/多余物 (46).jpg,多余物,0,0,1024,1024,无,0
X光图片20260603_000266,X光图片20260603/未标注/多余物/多余物 (46).jpg,多余物,1024,0,2048,1024,无,0
X光图片20260603_000267,X光图片20260603/未标注/多余物/多余物 (46).jpg,多余物,2048,0,3200,1024,无,0
X光图片20260603_000268,X光图片20260603/未标注/多余物/多余物 (46).jpg,多余物,0,1024,1024,2121,缺陷,1
X光图片20260603_000269,X光图片20260603/未标注/多余物/多余物 (46).jpg,多余物,1024,1024,2048,2121,无,0
X光图片20260603_000270,X光图片20260603/未标注/多余物/多余物 (46).jpg,多余物,2048,1024,3200,2121,无,0
X光图片20260603_000271,X光图片20260603/未标注/多余物/多余物 (47).jpg,多余物,0,0,1024,1024,无,0
X光图片20260603_000272,X光图片20260603/未标注/多余物/多余物 (47).jpg,多余物,1024,0,2048,1024,缺陷,1
X光图片20260603_000273,X光图片20260603/未标注/多余物/多余物 (47).jpg,多余物,2048,0,3200,1024,无,0
X光图片20260603_000274,X光图片20260603/未标注/多余物/多余物 (47).jpg,多余物,0,1024,1024,2121,无,0
X光图片20260603_000275,X光图片20260603/未标注/多余物/多余物 (47).jpg,多余物,1024,1024,2048,2121,无,0
X光图片20260603_000276,X光图片20260603/未标注/多余物/多余物 (47).jpg,多余物,2048,1024,3200,2121,无,0
X光图片20260603_000277,X光图片20260603/未标注/多余物/多余物 (48).jpg,多余物,0,0,1024,1024,无,0
X光图片20260603_000278,X光图片20260603/未标注/多余物/多余物 (48).jpg,多余物,1024,0,2048,1024,无,0
X光图片20260603_000279,X光图片20260603/未标注/多余物/多余物 (48).jpg,多余物,2048,0,3200,1024,无,0
X光图片20260603_000280,X光图片20260603/未标注/多余物/多余物 (48).jpg,多余物,0,1024,1024,2121,缺陷,2
X光图片20260603_000281,X光图片20260603/未标注/多余物/多余物 (48).jpg,多余物,1024,1024,2048,2121,无,0
X光图片20260603_000282,X光图片20260603/未标注/多余物/多余物 (48).jpg,多余物,2048,1024,3200,2121,缺陷,1
X光图片20260603_000283,X光图片20260603/未标注/多余物/多余物 (49).jpg,多余物,0,0,1024,1024,无,0
X光图片20260603_000284,X光图片20260603/未标注/多余物/多余物 (49).jpg,多余物,1024,0,2048,1024,缺陷,1
X光图片20260603_000285,X光图片20260603/未标注/多余物/多余物 (49).jpg,多余物,2048,0,3200,1024,无,0
X光图片20260603_000286,X光图片20260603/未标注/多余物/多余物 (49).jpg,多余物,0,1024,1024,2121,无,0
X光图片20260603_000287,X光图片20260603/未标注/多余物/多余物 (49).jpg,多余物,1024,1024,2048,2121,无,0
X光图片20260603_000288,X光图片20260603/未标注/多余物/多余物 (49).jpg,多余物,2048,1024,3200,2121,无,0
X光图片20260603_000289,X光图片20260603/未标注/多余物/多余物 (50).jpg,多余物,0,0,1024,1024,无,0
X光图片20260603_000290,X光图片20260603/未标注/多余物/多余物 (50).jpg,多余物,1024,0,2048,1024,缺陷,1
X光图片20260603_000291,X光图片20260603/未标注/多余物/多余物 (50).jpg,多余物,2048,0,3200,1024,无,0
X光图片20260603_000292,X光图片20260603/未标注/多余物/多余物 (50).jpg,多余物,0,1024,1024,2121,无,0
X光图片20260603_000293,X光图片20260603/未标注/多余物/多余物 (50).jpg,多余物,1024,1024,2048,2121,无,0
X光图片20260603_000294,X光图片20260603/未标注/多余物/多余物 (50).jpg,多余物,2048,1024,3200,2121,无,0
X光图片20260603_000295,X光图片20260603/未标注/多余物/多余物 (51).jpg,多余物,0,0,1024,1024,无,0
X光图片20260603_000296,X光图片20260603/未标注/多余物/多余物 (51).jpg,多余物,1024,0,2048,1024,缺陷,1
X光图片20260603_000297,X光图片20260603/未标注/多余物/多余物 (51).jpg,多余物,2048,0,3200,1024,无,0
X光图片20260603_000298,X光图片20260603/未标注/多余物/多余物 (51).jpg,多余物,0,1024,1024,2121,无,0
X光图片20260603_000299,X光图片20260603/未标注/多余物/多余物 (51).jpg,多余物,1024,1024,2048,2121,无,0
X光图片20260603_000300,X光图片20260603/未标注/多余物/多余物 (51).jpg,多余物,2048,1024,3200,2121,无,0
X光图片20260603_000301,X光图片20260603/未标注/多余物/多余物 (52).jpg,多余物,0,0,1024,1024,缺陷,1
X光图片20260603_000302,X光图片20260603/未标注/多余物/多余物 (52).jpg,多余物,1024,0,1747,1024,无,0
X光图片20260603_000303,X光图片20260603/未标注/多余物/多余物 (52).jpg,多余物,0,1024,1024,1560,无,0
X光图片20260603_000304,X光图片20260603/未标注/多余物/多余物 (52).jpg,多余物,1024,1024,1747,1560,无,0
X光图片20260603_000305,X光图片20260603/未标注/多余物/多余物 (53).jpg,多余物,0,0,1024,1024,无,0
X光图片20260603_000306,X光图片20260603/未标注/多余物/多余物 (53).jpg,多余物,1024,0,2048,1024,缺陷,1
X光图片20260603_000307,X光图片20260603/未标注/多余物/多余物 (53).jpg,多余物,2048,0,3200,1024,无,0
X光图片20260603_000308,X光图片20260603/未标注/多余物/多余物 (53).jpg,多余物,0,1024,1024,2121,无,0
X光图片20260603_000309,X光图片20260603/未标注/多余物/多余物 (53).jpg,多余物,1024,1024,2048,2121,无,0
X光图片20260603_000310,X光图片20260603/未标注/多余物/多余物 (53).jpg,多余物,2048,1024,3200,2121,无,0
X光图片20260603_000311,X光图片20260603/未标注/多余物/多余物 (54).jpg,多余物,0,0,1024,1024,缺陷,1
X光图片20260603_000312,X光图片20260603/未标注/多余物/多余物 (54).jpg,多余物,1024,0,1747,1024,无,0
X光图片20260603_000313,X光图片20260603/未标注/多余物/多余物 (54).jpg,多余物,0,1024,1024,1560,无,0
X光图片20260603_000314,X光图片20260603/未标注/多余物/多余物 (54).jpg,多余物,1024,1024,1747,1560,无,0
X光图片20260603_000315,X光图片20260603/未标注/多余物/多余物 (55).jpg,多余物,0,0,1024,1024,无,0
X光图片20260603_000316,X光图片20260603/未标注/多余物/多余物 (55).jpg,多余物,1024,0,2048,1024,缺陷,2
X光图片20260603_000317,X光图片20260603/未标注/多余物/多余物 (55).jpg,多余物,2048,0,3200,1024,无,0
X光图片20260603_000318,X光图片20260603/未标注/多余物/多余物 (55).jpg,多余物,0,1024,1024,2121,无,0
X光图片20260603_000319,X光图片20260603/未标注/多余物/多余物 (55).jpg,多余物,1024,1024,2048,2121,无,0
X光图片20260603_000320,X光图片20260603/未标注/多余物/多余物 (55).jpg,多余物,2048,1024,3200,2121,无,0
X光图片20260603_000321,X光图片20260603/未标注/多余物/多余物 (56).jpg,多余物,0,0,1024,1024,缺陷,1
X光图片20260603_000322,X光图片20260603/未标注/多余物/多余物 (56).jpg,多余物,1024,0,2048,1024,缺陷,2
X光图片20260603_000323,X光图片20260603/未标注/多余物/多余物 (56).jpg,多余物,2048,0,3200,1024,无,0
X光图片20260603_000324,X光图片20260603/未标注/多余物/多余物 (56).jpg,多余物,0,1024,1024,2121,无,0
X光图片20260603_000325,X光图片20260603/未标注/多余物/多余物 (56).jpg,多余物,1024,1024,2048,2121,缺陷,1
X光图片20260603_000326,X光图片20260603/未标注/多余物/多余物 (56).jpg,多余物,2048,1024,3200,2121,无,0
X光图片20260603_000327,X光图片20260603/未标注/多余物/多余物 (57).jpg,多余物,0,0,1024,1024,无,0
X光图片20260603_000328,X光图片20260603/未标注/多余物/多余物 (57).jpg,多余物,1024,0,2048,1024,无,0
X光图片20260603_000329,X光图片20260603/未标注/多余物/多余物 (57).jpg,多余物,2048,0,3200,1024,无,0
X光图片20260603_000330,X光图片20260603/未标注/多余物/多余物 (57).jpg,多余物,0,1024,1024,2121,无,0
X光图片20260603_000331,X光图片20260603/未标注/多余物/多余物 (57).jpg,多余物,1024,1024,2048,2121,缺陷,1
X光图片20260603_000332,X光图片20260603/未标注/多余物/多余物 (57).jpg,多余物,2048,1024,3200,2121,无,0
X光图片20260603_000333,X光图片20260603/未标注/多余物/多余物 (58).jpg,多余物,0,0,1024,1024,缺陷,2
X光图片20260603_000334,X光图片20260603/未标注/多余物/多余物 (58).jpg,多余物,1024,0,2048,1024,无,0
X光图片20260603_000335,X光图片20260603/未标注/多余物/多余物 (58).jpg,多余物,2048,0,3200,1024,无,0
X光图片20260603_000336,X光图片20260603/未标注/多余物/多余物 (58).jpg,多余物,0,1024,1024,2121,无,0
X光图片20260603_000337,X光图片20260603/未标注/多余物/多余物 (58).jpg,多余物,1024,1024,2048,2121,无,0
X光图片20260603_000338,X光图片20260603/未标注/多余物/多余物 (58).jpg,多余物,2048,1024,3200,2121,无,0
X光图片20260603_000339,X光图片20260603/未标注/多余物/多余物 (59).jpg,多余物,0,0,1038,1024,无,0
X光图片20260603_000340,X光图片20260603/未标注/多余物/多余物 (59).jpg,多余物,1038,0,2062,1024,无,0
X光图片20260603_000341,X光图片20260603/未标注/多余物/多余物 (59).jpg,多余物,2062,0,3200,1024,无,0
X光图片20260603_000342,X光图片20260603/未标注/多余物/多余物 (59).jpg,多余物,0,1024,1038,2121,缺陷,2
X光图片20260603_000343,X光图片20260603/未标注/多余物/多余物 (59).jpg,多余物,1038,1024,2062,2121,无,0
X光图片20260603_000344,X光图片20260603/未标注/多余物/多余物 (59).jpg,多余物,2062,1024,3200,2121,无,0
X光图片20260603_000345,X光图片20260603/未标注/多余物/多余物 (60).jpg,多余物,0,0,1024,1024,缺陷,1
X光图片20260603_000346,X光图片20260603/未标注/多余物/多余物 (60).jpg,多余物,1024,0,2048,1024,无,0
X光图片20260603_000347,X光图片20260603/未标注/多余物/多余物 (60).jpg,多余物,2048,0,3200,1024,无,0
X光图片20260603_000348,X光图片20260603/未标注/多余物/多余物 (60).jpg,多余物,0,1024,1024,2121,无,0
X光图片20260603_000349,X光图片20260603/未标注/多余物/多余物 (60).jpg,多余物,1024,1024,2048,2121,无,0
X光图片20260603_000350,X光图片20260603/未标注/多余物/多余物 (60).jpg,多余物,2048,1024,3200,2121,无,0
X光图片20260603_000351,X光图片20260603/未标注/多余物/多余物 (61).jpg,多余物,0,0,1024,1024,无,0
X光图片20260603_000352,X光图片20260603/未标注/多余物/多余物 (61).jpg,多余物,1024,0,2048,1024,缺陷,1
X光图片20260603_000353,X光图片20260603/未标注/多余物/多余物 (61).jpg,多余物,2048,0,3200,1024,无,0
X光图片20260603_000354,X光图片20260603/未标注/多余物/多余物 (61).jpg,多余物,0,1024,1024,2121,无,0
X光图片20260603_000355,X光图片20260603/未标注/多余物/多余物 (61).jpg,多余物,1024,1024,2048,2121,无,0
X光图片20260603_000356,X光图片20260603/未标注/多余物/多余物 (61).jpg,多余物,2048,1024,3200,2121,无,0
X光图片20260603_000357,X光图片20260603/未标注/多余物/多余物 (62).jpg,多余物,0,0,1024,1024,缺陷,2
X光图片20260603_000358,X光图片20260603/未标注/多余物/多余物 (62).jpg,多余物,1024,0,2048,1024,无,0
X光图片20260603_000359,X光图片20260603/未标注/多余物/多余物 (62).jpg,多余物,2048,0,3200,1024,无,0
X光图片20260603_000360,X光图片20260603/未标注/多余物/多余物 (62).jpg,多余物,0,1024,1024,2121,缺陷,1
X光图片20260603_000361,X光图片20260603/未标注/多余物/多余物 (62).jpg,多余物,1024,1024,2048,2121,无,0
X光图片20260603_000362,X光图片20260603/未标注/多余物/多余物 (62).jpg,多余物,2048,1024,3200,2121,无,0
X光图片20260603_000363,X光图片20260603/未标注/多余物/多余物 (63).jpg,多余物,0,0,1024,1024,缺陷,2
X光图片20260603_000364,X光图片20260603/未标注/多余物/多余物 (63).jpg,多余物,1024,0,1747,1024,无,0
X光图片20260603_000365,X光图片20260603/未标注/多余物/多余物 (63).jpg,多余物,0,1024,1024,1560,无,0
X光图片20260603_000366,X光图片20260603/未标注/多余物/多余物 (63).jpg,多余物,1024,1024,1747,1560,无,0
X光图片20260603_000367,X光图片20260603/未标注/多余物/多余物 (64).jpg,多余物,0,0,1024,1024,无,0
X光图片20260603_000368,X光图片20260603/未标注/多余物/多余物 (64).jpg,多余物,1024,0,2048,1024,缺陷,1
X光图片20260603_000369,X光图片20260603/未标注/多余物/多余物 (64).jpg,多余物,2048,0,3200,1024,无,0
X光图片20260603_000370,X光图片20260603/未标注/多余物/多余物 (64).jpg,多余物,0,1024,1024,2121,无,0
X光图片20260603_000371,X光图片20260603/未标注/多余物/多余物 (64).jpg,多余物,1024,1024,2048,2121,无,0
X光图片20260603_000372,X光图片20260603/未标注/多余物/多余物 (64).jpg,多余物,2048,1024,3200,2121,无,0
X光图片20260603_000373,X光图片20260603/未标注/多余物/多余物 (65).jpg,多余物,0,0,1024,1024,无,0
X光图片20260603_000374,X光图片20260603/未标注/多余物/多余物 (65).jpg,多余物,1024,0,2048,1024,缺陷,1
X光图片20260603_000375,X光图片20260603/未标注/多余物/多余物 (65).jpg,多余物,2048,0,3200,1024,无,0
X光图片20260603_000376,X光图片20260603/未标注/多余物/多余物 (65).jpg,多余物,0,1024,1024,2121,无,0
X光图片20260603_000377,X光图片20260603/未标注/多余物/多余物 (65).jpg,多余物,1024,1024,2048,2121,无,0
X光图片20260603_000378,X光图片20260603/未标注/多余物/多余物 (65).jpg,多余物,2048,1024,3200,2121,无,0
X光图片20260603_000379,X光图片20260603/未标注/多余物/多余物 (66).jpg,多余物,0,0,1024,1024,无,0
X光图片20260603_000380,X光图片20260603/未标注/多余物/多余物 (66).jpg,多余物,1024,0,2048,1024,缺陷,1
X光图片20260603_000381,X光图片20260603/未标注/多余物/多余物 (66).jpg,多余物,2048,0,3200,1024,无,0
X光图片20260603_000382,X光图片20260603/未标注/多余物/多余物 (66).jpg,多余物,0,1024,1024,2121,无,0
X光图片20260603_000383,X光图片20260603/未标注/多余物/多余物 (66).jpg,多余物,1024,1024,2048,2121,缺陷,1
X光图片20260603_000384,X光图片20260603/未标注/多余物/多余物 (66).jpg,多余物,2048,1024,3200,2121,无,0
X光图片20260603_000385,X光图片20260603/未标注/多余物/多余物 (67).jpg,多余物,0,0,1024,1024,缺陷,1
X光图片20260603_000386,X光图片20260603/未标注/多余物/多余物 (67).jpg,多余物,1024,0,2048,1024,无,0
X光图片20260603_000387,X光图片20260603/未标注/多余物/多余物 (67).jpg,多余物,2048,0,3200,1024,无,0
X光图片20260603_000388,X光图片20260603/未标注/多余物/多余物 (67).jpg,多余物,0,1024,1024,2121,无,0
X光图片20260603_000389,X光图片20260603/未标注/多余物/多余物 (67).jpg,多余物,1024,1024,2048,2121,无,0
X光图片20260603_000390,X光图片20260603/未标注/多余物/多余物 (67).jpg,多余物,2048,1024,3200,2121,无,0
X光图片20260603_000391,X光图片20260603/未标注/多余物/多余物 (68).jpg,多余物,0,0,1024,1024,无,0
X光图片20260603_000392,X光图片20260603/未标注/多余物/多余物 (68).jpg,多余物,1024,0,2048,1024,无,0
X光图片20260603_000393,X光图片20260603/未标注/多余物/多余物 (68).jpg,多余物,2048,0,3200,1024,无,0
X光图片20260603_000394,X光图片20260603/未标注/多余物/多余物 (68).jpg,多余物,0,1024,1024,2121,无,0
X光图片20260603_000395,X光图片20260603/未标注/多余物/多余物 (68).jpg,多余物,1024,1024,2048,2121,缺陷,1
X光图片20260603_000396,X光图片20260603/未标注/多余物/多余物 (68).jpg,多余物,2048,1024,3200,2121,无,0
X光图片20260603_000397,X光图片20260603/未标注/多余物/多余物 (69).jpg,多余物,0,0,1024,1024,缺陷,1
X光图片20260603_000398,X光图片20260603/未标注/多余物/多余物 (69).jpg,多余物,1024,0,2048,1024,无,0
X光图片20260603_000399,X光图片20260603/未标注/多余物/多余物 (69).jpg,多余物,2048,0,3200,1024,无,0
X光图片20260603_000400,X光图片20260603/未标注/多余物/多余物 (69).jpg,多余物,0,1024,1024,2121,无,0
X光图片20260603_000401,X光图片20260603/未标注/多余物/多余物 (69).jpg,多余物,1024,1024,2048,2121,无,0
X光图片20260603_000402,X光图片20260603/未标注/多余物/多余物 (69).jpg,多余物,2048,1024,3200,2121,无,0
X光图片20260603_000403,X光图片20260603/未标注/多余物/多余物 (70).jpg,多余物,0,0,1024,1024,缺陷,1
X光图片20260603_000404,X光图片20260603/未标注/多余物/多余物 (70).jpg,多余物,1024,0,1747,1024,无,0
X光图片20260603_000405,X光图片20260603/未标注/多余物/多余物 (70).jpg,多余物,0,1024,1024,1560,无,0
X光图片20260603_000406,X光图片20260603/未标注/多余物/多余物 (70).jpg,多余物,1024,1024,1747,1560,无,0
X光图片20260603_000407,X光图片20260603/未标注/多余物/多余物 (71).jpg,多余物,0,0,1024,996,无,0
X光图片20260603_000408,X光图片20260603/未标注/多余物/多余物 (71).jpg,多余物,1024,0,2048,996,无,0
X光图片20260603_000409,X光图片20260603/未标注/多余物/多余物 (71).jpg,多余物,2048,0,3200,996,无,0
X光图片20260603_000410,X光图片20260603/未标注/多余物/多余物 (71).jpg,多余物,0,996,1024,2121,无,0
X光图片20260603_000411,X光图片20260603/未标注/多余物/多余物 (71).jpg,多余物,1024,996,2048,2121,缺陷,1
X光图片20260603_000412,X光图片20260603/未标注/多余物/多余物 (71).jpg,多余物,2048,996,3200,2121,无,0
X光图片20260603_000413,X光图片20260603/未标注/焊点少锡/焊点少锡 (1).jpg,焊点少锡,0,0,1024,1024,无,0
X光图片20260603_000414,X光图片20260603/未标注/焊点少锡/焊点少锡 (1).jpg,焊点少锡,1024,0,2048,1024,无,0
X光图片20260603_000415,X光图片20260603/未标注/焊点少锡/焊点少锡 (1).jpg,焊点少锡,2048,0,3200,1024,无,0
X光图片20260603_000416,X光图片20260603/未标注/焊点少锡/焊点少锡 (1).jpg,焊点少锡,0,1024,1024,2121,无,0
X光图片20260603_000417,X光图片20260603/未标注/焊点少锡/焊点少锡 (1).jpg,焊点少锡,1024,1024,2048,2121,缺陷,1
X光图片20260603_000418,X光图片20260603/未标注/焊点少锡/焊点少锡 (1).jpg,焊点少锡,2048,1024,3200,2121,无,0
X光图片20260603_000419,X光图片20260603/未标注/焊点少锡/焊点少锡 (2).jpg,焊点少锡,0,0,1024,1024,无,0
X光图片20260603_000420,X光图片20260603/未标注/焊点少锡/焊点少锡 (2).jpg,焊点少锡,1024,0,2048,1024,缺陷,1
X光图片20260603_000421,X光图片20260603/未标注/焊点少锡/焊点少锡 (2).jpg,焊点少锡,2048,0,3200,1024,无,0
X光图片20260603_000422,X光图片20260603/未标注/焊点少锡/焊点少锡 (2).jpg,焊点少锡,0,1024,1024,2121,无,0
X光图片20260603_000423,X光图片20260603/未标注/焊点少锡/焊点少锡 (2).jpg,焊点少锡,1024,1024,2048,2121,无,0
X光图片20260603_000424,X光图片20260603/未标注/焊点少锡/焊点少锡 (2).jpg,焊点少锡,2048,1024,3200,2121,无,0
X光图片20260603_000425,X光图片20260603/未标注/焊点少锡/焊点少锡 (3).jpg,焊点少锡,0,0,1024,1024,缺陷,1
X光图片20260603_000426,X光图片20260603/未标注/焊点少锡/焊点少锡 (3).jpg,焊点少锡,1024,0,2048,1024,无,0
X光图片20260603_000427,X光图片20260603/未标注/焊点少锡/焊点少锡 (3).jpg,焊点少锡,2048,0,3200,1024,无,0
X光图片20260603_000428,X光图片20260603/未标注/焊点少锡/焊点少锡 (3).jpg,焊点少锡,0,1024,1024,2121,缺陷,1
X光图片20260603_000429,X光图片20260603/未标注/焊点少锡/焊点少锡 (3).jpg,焊点少锡,1024,1024,2048,2121,无,0
X光图片20260603_000430,X光图片20260603/未标注/焊点少锡/焊点少锡 (3).jpg,焊点少锡,2048,1024,3200,2121,无,0
X光图片20260603_000431,X光图片20260603/未标注/焊点少锡/焊点少锡 (4).jpg,焊点少锡,0,0,1024,1024,无,0
X光图片20260603_000432,X光图片20260603/未标注/焊点少锡/焊点少锡 (4).jpg,焊点少锡,1024,0,2048,1024,缺陷,1
X光图片20260603_000433,X光图片20260603/未标注/焊点少锡/焊点少锡 (4).jpg,焊点少锡,2048,0,3200,1024,无,0
X光图片20260603_000434,X光图片20260603/未标注/焊点少锡/焊点少锡 (4).jpg,焊点少锡,0,1024,1024,2121,无,0
X光图片20260603_000435,X光图片20260603/未标注/焊点少锡/焊点少锡 (4).jpg,焊点少锡,1024,1024,2048,2121,无,0
X光图片20260603_000436,X光图片20260603/未标注/焊点少锡/焊点少锡 (4).jpg,焊点少锡,2048,1024,3200,2121,无,0
X光图片20260603_000437,X光图片20260603/未标注/焊点少锡/焊点少锡 (5).jpg,焊点少锡,0,0,1062,1024,缺陷,1
X光图片20260603_000438,X光图片20260603/未标注/焊点少锡/焊点少锡 (5).jpg,焊点少锡,1062,0,1747,1024,无,0
X光图片20260603_000439,X光图片20260603/未标注/焊点少锡/焊点少锡 (5).jpg,焊点少锡,0,1024,1062,1560,无,0
X光图片20260603_000440,X光图片20260603/未标注/焊点少锡/焊点少锡 (5).jpg,焊点少锡,1062,1024,1747,1560,无,0
X光图片20260603_000441,X光图片20260603/未标注/焊点少锡/焊点少锡 (6).jpg,焊点少锡,0,0,1024,986,缺陷,1
X光图片20260603_000442,X光图片20260603/未标注/焊点少锡/焊点少锡 (6).jpg,焊点少锡,1024,0,2048,986,无,0
X光图片20260603_000443,X光图片20260603/未标注/焊点少锡/焊点少锡 (6).jpg,焊点少锡,2048,0,3200,986,无,0
X光图片20260603_000444,X光图片20260603/未标注/焊点少锡/焊点少锡 (6).jpg,焊点少锡,0,986,1024,2121,缺陷,1
X光图片20260603_000445,X光图片20260603/未标注/焊点少锡/焊点少锡 (6).jpg,焊点少锡,1024,986,2048,2121,缺陷,1
X光图片20260603_000446,X光图片20260603/未标注/焊点少锡/焊点少锡 (6).jpg,焊点少锡,2048,986,3200,2121,无,0
X光图片20260603_000447,X光图片20260603/未标注/焊点少锡/焊点少锡 (7).jpg,焊点少锡,0,0,961,1024,无,0
X光图片20260603_000448,X光图片20260603/未标注/焊点少锡/焊点少锡 (7).jpg,焊点少锡,961,0,1747,1024,缺陷,1
X光图片20260603_000449,X光图片20260603/未标注/焊点少锡/焊点少锡 (7).jpg,焊点少锡,0,1024,961,1560,无,0
X光图片20260603_000450,X光图片20260603/未标注/焊点少锡/焊点少锡 (7).jpg,焊点少锡,961,1024,1747,1560,无,0
X光图片20260603_000451,X光图片20260603/未标注/焊点桥连/焊点桥连 (1).jpg,焊点桥连,0,0,1024,1024,缺陷,2
X光图片20260603_000452,X光图片20260603/未标注/焊点桥连/焊点桥连 (1).jpg,焊点桥连,1024,0,1747,1024,无,0
X光图片20260603_000453,X光图片20260603/未标注/焊点桥连/焊点桥连 (1).jpg,焊点桥连,0,1024,1024,1560,无,0
X光图片20260603_000454,X光图片20260603/未标注/焊点桥连/焊点桥连 (1).jpg,焊点桥连,1024,1024,1747,1560,无,0
X光图片20260603_000455,X光图片20260603/未标注/焊点桥连/焊点桥连 (2).jpg,焊点桥连,0,0,1024,1024,无,0
X光图片20260603_000456,X光图片20260603/未标注/焊点桥连/焊点桥连 (2).jpg,焊点桥连,1024,0,2048,1024,无,0
X光图片20260603_000457,X光图片20260603/未标注/焊点桥连/焊点桥连 (2).jpg,焊点桥连,2048,0,3200,1024,无,0
X光图片20260603_000458,X光图片20260603/未标注/焊点桥连/焊点桥连 (2).jpg,焊点桥连,0,1024,1024,2121,缺陷,1
X光图片20260603_000459,X光图片20260603/未标注/焊点桥连/焊点桥连 (2).jpg,焊点桥连,1024,1024,2048,2121,无,0
X光图片20260603_000460,X光图片20260603/未标注/焊点桥连/焊点桥连 (2).jpg,焊点桥连,2048,1024,3200,2121,无,0
X光图片20260603_000461,X光图片20260603/未标注/焊点桥连/焊点桥连 (3).jpg,焊点桥连,0,0,1024,1040,缺陷,1
X光图片20260603_000462,X光图片20260603/未标注/焊点桥连/焊点桥连 (3).jpg,焊点桥连,1024,0,1747,1040,无,0
X光图片20260603_000463,X光图片20260603/未标注/焊点桥连/焊点桥连 (3).jpg,焊点桥连,0,1040,1024,1560,无,0
X光图片20260603_000464,X光图片20260603/未标注/焊点桥连/焊点桥连 (3).jpg,焊点桥连,1024,1040,1747,1560,无,0
X光图片20260603_000465,X光图片20260603/未标注/焊点桥连/焊点桥连 (4).jpg,焊点桥连,0,0,1024,1024,缺陷,1
X光图片20260603_000466,X光图片20260603/未标注/焊点桥连/焊点桥连 (4).jpg,焊点桥连,1024,0,1747,1024,无,0
X光图片20260603_000467,X光图片20260603/未标注/焊点桥连/焊点桥连 (4).jpg,焊点桥连,0,1024,1024,1560,无,0
X光图片20260603_000468,X光图片20260603/未标注/焊点桥连/焊点桥连 (4).jpg,焊点桥连,1024,1024,1747,1560,无,0
X光图片20260603_000469,X光图片20260603/未标注/焊点桥连/焊点桥连 (5).jpg,焊点桥连,0,0,1024,1227,缺陷,1
X光图片20260603_000470,X光图片20260603/未标注/焊点桥连/焊点桥连 (5).jpg,焊点桥连,1024,0,2048,1227,无,0
X光图片20260603_000471,X光图片20260603/未标注/焊点桥连/焊点桥连 (5).jpg,焊点桥连,2048,0,3200,1227,无,0
X光图片20260603_000472,X光图片20260603/未标注/焊点桥连/焊点桥连 (5).jpg,焊点桥连,0,1227,1024,2121,无,0
X光图片20260603_000473,X光图片20260603/未标注/焊点桥连/焊点桥连 (5).jpg,焊点桥连,1024,1227,2048,2121,无,0
X光图片20260603_000474,X光图片20260603/未标注/焊点桥连/焊点桥连 (5).jpg,焊点桥连,2048,1227,3200,2121,无,0
X光图片20260603_000475,X光图片20260603/未标注/焊点桥连/焊点桥连 (6).jpg,焊点桥连,0,0,1024,1024,缺陷,1
X光图片20260603_000476,X光图片20260603/未标注/焊点桥连/焊点桥连 (6).jpg,焊点桥连,1024,0,2048,1024,缺陷,2
X光图片20260603_000477,X光图片20260603/未标注/焊点桥连/焊点桥连 (6).jpg,焊点桥连,2048,0,3200,1024,无,0
X光图片20260603_000478,X光图片20260603/未标注/焊点桥连/焊点桥连 (6).jpg,焊点桥连,0,1024,1024,2121,无,0
X光图片20260603_000479,X光图片20260603/未标注/焊点桥连/焊点桥连 (6).jpg,焊点桥连,1024,1024,2048,2121,无,0
X光图片20260603_000480,X光图片20260603/未标注/焊点桥连/焊点桥连 (6).jpg,焊点桥连,2048,1024,3200,2121,无,0
X光图片20260603_000481,X光图片20260603/未标注/焊点桥连/焊点桥连 (7).jpg,焊点桥连,0,0,1024,1024,缺陷,1
X光图片20260603_000482,X光图片20260603/未标注/焊点桥连/焊点桥连 (7).jpg,焊点桥连,1024,0,1747,1024,无,0
X光图片20260603_000483,X光图片20260603/未标注/焊点桥连/焊点桥连 (7).jpg,焊点桥连,0,1024,1024,1560,无,0
X光图片20260603_000484,X光图片20260603/未标注/焊点桥连/焊点桥连 (7).jpg,焊点桥连,1024,1024,1747,1560,无,0
X光图片20260603_000485,X光图片20260603/未标注/焊点桥连/焊点桥连 (8).jpg,焊点桥连,0,0,977,1024,无,0
X光图片20260603_000486,X光图片20260603/未标注/焊点桥连/焊点桥连 (8).jpg,焊点桥连,977,0,2001,1024,缺陷,1
X光图片20260603_000487,X光图片20260603/未标注/焊点桥连/焊点桥连 (8).jpg,焊点桥连,2001,0,3200,1024,无,0
X光图片20260603_000488,X光图片20260603/未标注/焊点桥连/焊点桥连 (8).jpg,焊点桥连,0,1024,977,2121,无,0
X光图片20260603_000489,X光图片20260603/未标注/焊点桥连/焊点桥连 (8).jpg,焊点桥连,977,1024,2001,2121,缺陷,1
X光图片20260603_000490,X光图片20260603/未标注/焊点桥连/焊点桥连 (8).jpg,焊点桥连,2001,1024,3200,2121,无,0
X光图片20260603_000491,X光图片20260603/未标注/焊点桥连/焊点桥连 (9).jpg,焊点桥连,0,0,1024,1127,缺陷,1
X光图片20260603_000492,X光图片20260603/未标注/焊点桥连/焊点桥连 (9).jpg,焊点桥连,1024,0,2048,1127,无,0
X光图片20260603_000493,X光图片20260603/未标注/焊点桥连/焊点桥连 (9).jpg,焊点桥连,2048,0,3200,1127,无,0
X光图片20260603_000494,X光图片20260603/未标注/焊点桥连/焊点桥连 (9).jpg,焊点桥连,0,1127,1024,2121,无,0
X光图片20260603_000495,X光图片20260603/未标注/焊点桥连/焊点桥连 (9).jpg,焊点桥连,1024,1127,2048,2121,无,0
X光图片20260603_000496,X光图片20260603/未标注/焊点桥连/焊点桥连 (9).jpg,焊点桥连,2048,1127,3200,2121,无,0
X光图片20260603_000497,X光图片20260603/未标注/焊点桥连/焊点桥连 (10).jpg,焊点桥连,0,0,1024,996,无,0
X光图片20260603_000498,X光图片20260603/未标注/焊点桥连/焊点桥连 (10).jpg,焊点桥连,1024,0,2048,996,无,0
X光图片20260603_000499,X光图片20260603/未标注/焊点桥连/焊点桥连 (10).jpg,焊点桥连,2048,0,3200,996,无,0
X光图片20260603_000500,X光图片20260603/未标注/焊点桥连/焊点桥连 (10).jpg,焊点桥连,0,996,1024,2121,无,0
X光图片20260603_000501,X光图片20260603/未标注/焊点桥连/焊点桥连 (10).jpg,焊点桥连,1024,996,2048,2121,缺陷,1
X光图片20260603_000502,X光图片20260603/未标注/焊点桥连/焊点桥连 (10).jpg,焊点桥连,2048,996,3200,2121,无,0
X光图片20260603_000503,X光图片20260603/未标注/焊点桥连/焊点桥连 (11).jpg,焊点桥连,0,0,1024,1024,缺陷,1
X光图片20260603_000504,X光图片20260603/未标注/焊点桥连/焊点桥连 (11).jpg,焊点桥连,1024,0,1747,1024,无,0
X光图片20260603_000505,X光图片20260603/未标注/焊点桥连/焊点桥连 (11).jpg,焊点桥连,0,1024,1024,1560,无,0
X光图片20260603_000506,X光图片20260603/未标注/焊点桥连/焊点桥连 (11).jpg,焊点桥连,1024,1024,1747,1560,无,0
X光图片20260603_000507,X光图片20260603/未标注/焊点桥连/焊点桥连 (12).jpg,焊点桥连,0,0,1024,1024,缺陷,1
X光图片20260603_000508,X光图片20260603/未标注/焊点桥连/焊点桥连 (12).jpg,焊点桥连,1024,0,1747,1024,无,0
X光图片20260603_000509,X光图片20260603/未标注/焊点桥连/焊点桥连 (12).jpg,焊点桥连,0,1024,1024,1560,无,0
X光图片20260603_000510,X光图片20260603/未标注/焊点桥连/焊点桥连 (12).jpg,焊点桥连,1024,1024,1747,1560,无,0
X光图片20260603_000511,X光图片20260603/未标注/焊点桥连/焊点桥连 (13).jpg,焊点桥连,0,0,1024,1024,无,0
X光图片20260603_000512,X光图片20260603/未标注/焊点桥连/焊点桥连 (13).jpg,焊点桥连,1024,0,2048,1024,缺陷,1
X光图片20260603_000513,X光图片20260603/未标注/焊点桥连/焊点桥连 (13).jpg,焊点桥连,2048,0,3200,1024,无,0
X光图片20260603_000514,X光图片20260603/未标注/焊点桥连/焊点桥连 (13).jpg,焊点桥连,0,1024,1024,2121,缺陷,1
X光图片20260603_000515,X光图片20260603/未标注/焊点桥连/焊点桥连 (13).jpg,焊点桥连,1024,1024,2048,2121,无,0
X光图片20260603_000516,X光图片20260603/未标注/焊点桥连/焊点桥连 (13).jpg,焊点桥连,2048,1024,3200,2121,无,0
X光图片20260603_000517,X光图片20260603/未标注/焊点桥连/焊点桥连 (14).jpg,焊点桥连,0,0,1024,1024,缺陷,1
X光图片20260603_000518,X光图片20260603/未标注/焊点桥连/焊点桥连 (14).jpg,焊点桥连,1024,0,2048,1024,无,0
X光图片20260603_000519,X光图片20260603/未标注/焊点桥连/焊点桥连 (14).jpg,焊点桥连,2048,0,3200,1024,无,0
X光图片20260603_000520,X光图片20260603/未标注/焊点桥连/焊点桥连 (14).jpg,焊点桥连,0,1024,1024,2121,无,0
X光图片20260603_000521,X光图片20260603/未标注/焊点桥连/焊点桥连 (14).jpg,焊点桥连,1024,1024,2048,2121,无,0
X光图片20260603_000522,X光图片20260603/未标注/焊点桥连/焊点桥连 (14).jpg,焊点桥连,2048,1024,3200,2121,无,0
X光图片20260603_000523,X光图片20260603/未标注/焊点桥连/焊点桥连 (15).jpg,焊点桥连,0,0,1024,1024,缺陷,1
X光图片20260603_000524,X光图片20260603/未标注/焊点桥连/焊点桥连 (15).jpg,焊点桥连,1024,0,1747,1024,无,0
X光图片20260603_000525,X光图片20260603/未标注/焊点桥连/焊点桥连 (15).jpg,焊点桥连,0,1024,1024,1560,无,0
X光图片20260603_000526,X光图片20260603/未标注/焊点桥连/焊点桥连 (15).jpg,焊点桥连,1024,1024,1747,1560,无,0
X光图片20260603_000527,X光图片20260603/未标注/焊点桥连/焊点桥连 (16).jpg,焊点桥连,0,0,1024,1024,缺陷,1
X光图片20260603_000528,X光图片20260603/未标注/焊点桥连/焊点桥连 (16).jpg,焊点桥连,1024,0,1747,1024,无,0
X光图片20260603_000529,X光图片20260603/未标注/焊点桥连/焊点桥连 (16).jpg,焊点桥连,0,1024,1024,1560,无,0
X光图片20260603_000530,X光图片20260603/未标注/焊点桥连/焊点桥连 (16).jpg,焊点桥连,1024,1024,1747,1560,无,0
X光图片20260603_000531,X光图片20260603/未标注/焊点桥连/焊点桥连 (17).jpg,焊点桥连,0,0,1024,1024,缺陷,1
X光图片20260603_000532,X光图片20260603/未标注/焊点桥连/焊点桥连 (17).jpg,焊点桥连,1024,0,2048,1024,无,0
X光图片20260603_000533,X光图片20260603/未标注/焊点桥连/焊点桥连 (17).jpg,焊点桥连,2048,0,3200,1024,无,0
X光图片20260603_000534,X光图片20260603/未标注/焊点桥连/焊点桥连 (17).jpg,焊点桥连,0,1024,1024,2121,无,0
X光图片20260603_000535,X光图片20260603/未标注/焊点桥连/焊点桥连 (17).jpg,焊点桥连,1024,1024,2048,2121,无,0
X光图片20260603_000536,X光图片20260603/未标注/焊点桥连/焊点桥连 (17).jpg,焊点桥连,2048,1024,3200,2121,无,0
X光图片20260603_000537,X光图片20260603/未标注/焊点桥连/焊点桥连 (18).jpg,焊点桥连,0,0,1024,1024,无,0
X光图片20260603_000538,X光图片20260603/未标注/焊点桥连/焊点桥连 (18).jpg,焊点桥连,1024,0,2048,1024,缺陷,1
X光图片20260603_000539,X光图片20260603/未标注/焊点桥连/焊点桥连 (18).jpg,焊点桥连,2048,0,3200,1024,无,0
X光图片20260603_000540,X光图片20260603/未标注/焊点桥连/焊点桥连 (18).jpg,焊点桥连,0,1024,1024,2121,无,0
X光图片20260603_000541,X光图片20260603/未标注/焊点桥连/焊点桥连 (18).jpg,焊点桥连,1024,1024,2048,2121,无,0
X光图片20260603_000542,X光图片20260603/未标注/焊点桥连/焊点桥连 (18).jpg,焊点桥连,2048,1024,3200,2121,无,0
X光图片20260603_000543,X光图片20260603/未标注/焊点桥连/焊点桥连 (19).jpg,焊点桥连,0,0,1024,1024,无,0
X光图片20260603_000544,X光图片20260603/未标注/焊点桥连/焊点桥连 (19).jpg,焊点桥连,1024,0,2048,1024,无,0
X光图片20260603_000545,X光图片20260603/未标注/焊点桥连/焊点桥连 (19).jpg,焊点桥连,2048,0,3200,1024,无,0
X光图片20260603_000546,X光图片20260603/未标注/焊点桥连/焊点桥连 (19).jpg,焊点桥连,0,1024,1024,2121,缺陷,1
X光图片20260603_000547,X光图片20260603/未标注/焊点桥连/焊点桥连 (19).jpg,焊点桥连,1024,1024,2048,2121,无,0
X光图片20260603_000548,X光图片20260603/未标注/焊点桥连/焊点桥连 (19).jpg,焊点桥连,2048,1024,3200,2121,无,0
X光图片20260603_000549,X光图片20260603/未标注/焊点桥连/焊点桥连 (20).jpg,焊点桥连,0,0,1024,1024,缺陷,1
X光图片20260603_000550,X光图片20260603/未标注/焊点桥连/焊点桥连 (20).jpg,焊点桥连,1024,0,1747,1024,无,0
X光图片20260603_000551,X光图片20260603/未标注/焊点桥连/焊点桥连 (20).jpg,焊点桥连,0,1024,1024,1560,无,0
X光图片20260603_000552,X光图片20260603/未标注/焊点桥连/焊点桥连 (20).jpg,焊点桥连,1024,1024,1747,1560,无,0
X光图片20260603_000553,X光图片20260603/未标注/焊点桥连/焊点桥连 (21).jpg,焊点桥连,0,0,1048,1024,缺陷,1
X光图片20260603_000554,X光图片20260603/未标注/焊点桥连/焊点桥连 (21).jpg,焊点桥连,1048,0,2072,1024,无,0
X光图片20260603_000555,X光图片20260603/未标注/焊点桥连/焊点桥连 (21).jpg,焊点桥连,2072,0,3200,1024,无,0
X光图片20260603_000556,X光图片20260603/未标注/焊点桥连/焊点桥连 (21).jpg,焊点桥连,0,1024,1048,2121,无,0
X光图片20260603_000557,X光图片20260603/未标注/焊点桥连/焊点桥连 (21).jpg,焊点桥连,1048,1024,2072,2121,无,0
X光图片20260603_000558,X光图片20260603/未标注/焊点桥连/焊点桥连 (21).jpg,焊点桥连,2072,1024,3200,2121,无,0
X光图片20260603_000559,X光图片20260603/未标注/焊点桥连/焊点桥连 (22).jpg,焊点桥连,0,0,1024,1024,缺陷,1
X光图片20260603_000560,X光图片20260603/未标注/焊点桥连/焊点桥连 (22).jpg,焊点桥连,1024,0,1747,1024,无,0
X光图片20260603_000561,X光图片20260603/未标注/焊点桥连/焊点桥连 (22).jpg,焊点桥连,0,1024,1024,1560,无,0
X光图片20260603_000562,X光图片20260603/未标注/焊点桥连/焊点桥连 (22).jpg,焊点桥连,1024,1024,1747,1560,无,0
X光图片20260603_000563,X光图片20260603/未标注/焊点桥连/焊点桥连 (23).jpg,焊点桥连,0,0,1024,1036,缺陷,1
X光图片20260603_000564,X光图片20260603/未标注/焊点桥连/焊点桥连 (23).jpg,焊点桥连,1024,0,1747,1036,无,0
X光图片20260603_000565,X光图片20260603/未标注/焊点桥连/焊点桥连 (23).jpg,焊点桥连,0,1036,1024,1560,无,0
X光图片20260603_000566,X光图片20260603/未标注/焊点桥连/焊点桥连 (23).jpg,焊点桥连,1024,1036,1747,1560,无,0
X光图片20260603_000567,X光图片20260603/未标注/焊点桥连/焊点桥连 (24).jpg,焊点桥连,0,0,1024,1024,无,0
X光图片20260603_000568,X光图片20260603/未标注/焊点桥连/焊点桥连 (24).jpg,焊点桥连,1024,0,2048,1024,无,0
X光图片20260603_000569,X光图片20260603/未标注/焊点桥连/焊点桥连 (24).jpg,焊点桥连,2048,0,3200,1024,无,0
X光图片20260603_000570,X光图片20260603/未标注/焊点桥连/焊点桥连 (24).jpg,焊点桥连,0,1024,1024,2121,缺陷,1
X光图片20260603_000571,X光图片20260603/未标注/焊点桥连/焊点桥连 (24).jpg,焊点桥连,1024,1024,2048,2121,无,0
X光图片20260603_000572,X光图片20260603/未标注/焊点桥连/焊点桥连 (24).jpg,焊点桥连,2048,1024,3200,2121,无,0
X光图片20260603_000573,X光图片20260603/未标注/焊点桥连/焊点桥连 (25).jpg,焊点桥连,0,0,1024,1024,缺陷,2
X光图片20260603_000574,X光图片20260603/未标注/焊点桥连/焊点桥连 (25).jpg,焊点桥连,1024,0,1747,1024,无,0
X光图片20260603_000575,X光图片20260603/未标注/焊点桥连/焊点桥连 (25).jpg,焊点桥连,0,1024,1024,1560,无,0
X光图片20260603_000576,X光图片20260603/未标注/焊点桥连/焊点桥连 (25).jpg,焊点桥连,1024,1024,1747,1560,无,0
X光图片20260603_000577,X光图片20260603/未标注/焊点空洞/焊点空洞 (1).jpg,焊点空洞,0,0,954,1024,无,0
X光图片20260603_000578,X光图片20260603/未标注/焊点空洞/焊点空洞 (1).jpg,焊点空洞,954,0,1978,1024,缺陷,1
X光图片20260603_000579,X光图片20260603/未标注/焊点空洞/焊点空洞 (1).jpg,焊点空洞,1978,0,3200,1024,无,0
X光图片20260603_000580,X光图片20260603/未标注/焊点空洞/焊点空洞 (1).jpg,焊点空洞,0,1024,954,2121,无,0
X光图片20260603_000581,X光图片20260603/未标注/焊点空洞/焊点空洞 (1).jpg,焊点空洞,954,1024,1978,2121,无,0
X光图片20260603_000582,X光图片20260603/未标注/焊点空洞/焊点空洞 (1).jpg,焊点空洞,1978,1024,3200,2121,无,0
X光图片20260603_000583,X光图片20260603/未标注/焊点空洞/焊点空洞 (2).jpg,焊点空洞,0,0,1024,1024,缺陷,4
X光图片20260603_000584,X光图片20260603/未标注/焊点空洞/焊点空洞 (2).jpg,焊点空洞,1024,0,1747,1024,无,0
X光图片20260603_000585,X光图片20260603/未标注/焊点空洞/焊点空洞 (2).jpg,焊点空洞,0,1024,1024,1560,无,0
X光图片20260603_000586,X光图片20260603/未标注/焊点空洞/焊点空洞 (2).jpg,焊点空洞,1024,1024,1747,1560,无,0
X光图片20260603_000587,X光图片20260603/未标注/焊点空洞/焊点空洞 (3).jpg,焊点空洞,0,0,1132,1024,缺陷,1
X光图片20260603_000588,X光图片20260603/未标注/焊点空洞/焊点空洞 (3).jpg,焊点空洞,1132,0,2156,1024,无,0
X光图片20260603_000589,X光图片20260603/未标注/焊点空洞/焊点空洞 (3).jpg,焊点空洞,2156,0,3200,1024,无,0
X光图片20260603_000590,X光图片20260603/未标注/焊点空洞/焊点空洞 (3).jpg,焊点空洞,0,1024,1132,2121,无,0
X光图片20260603_000591,X光图片20260603/未标注/焊点空洞/焊点空洞 (3).jpg,焊点空洞,1132,1024,2156,2121,无,0
X光图片20260603_000592,X光图片20260603/未标注/焊点空洞/焊点空洞 (3).jpg,焊点空洞,2156,1024,3200,2121,无,0
X光图片20260603_000593,X光图片20260603/未标注/焊点空洞/焊点空洞 (4).jpg,焊点空洞,0,0,1024,895,缺陷,1
X光图片20260603_000594,X光图片20260603/未标注/焊点空洞/焊点空洞 (4).jpg,焊点空洞,1024,0,2048,895,无,0
X光图片20260603_000595,X光图片20260603/未标注/焊点空洞/焊点空洞 (4).jpg,焊点空洞,2048,0,3200,895,无,0
X光图片20260603_000596,X光图片20260603/未标注/焊点空洞/焊点空洞 (4).jpg,焊点空洞,0,895,1024,2121,缺陷,1
X光图片20260603_000597,X光图片20260603/未标注/焊点空洞/焊点空洞 (4).jpg,焊点空洞,1024,895,2048,2121,缺陷,1
X光图片20260603_000598,X光图片20260603/未标注/焊点空洞/焊点空洞 (4).jpg,焊点空洞,2048,895,3200,2121,无,0
X光图片20260603_000599,X光图片20260603/未标注/焊点空洞/焊点空洞 (5).jpg,焊点空洞,0,0,1024,890,无,0
X光图片20260603_000600,X光图片20260603/未标注/焊点空洞/焊点空洞 (5).jpg,焊点空洞,1024,0,2048,890,无,0
X光图片20260603_000601,X光图片20260603/未标注/焊点空洞/焊点空洞 (5).jpg,焊点空洞,2048,0,3200,890,无,0
X光图片20260603_000602,X光图片20260603/未标注/焊点空洞/焊点空洞 (5).jpg,焊点空洞,0,890,1024,2121,缺陷,1
X光图片20260603_000603,X光图片20260603/未标注/焊点空洞/焊点空洞 (5).jpg,焊点空洞,1024,890,2048,2121,无,0
X光图片20260603_000604,X光图片20260603/未标注/焊点空洞/焊点空洞 (5).jpg,焊点空洞,2048,890,3200,2121,无,0
X光图片20260603_000605,X光图片20260603/未标注/焊点空洞/焊点空洞 (6).jpg,焊点空洞,0,0,1024,1024,缺陷,1
X光图片20260603_000606,X光图片20260603/未标注/焊点空洞/焊点空洞 (6).jpg,焊点空洞,1024,0,2048,1024,缺陷,1
X光图片20260603_000607,X光图片20260603/未标注/焊点空洞/焊点空洞 (6).jpg,焊点空洞,2048,0,3200,1024,无,0
X光图片20260603_000608,X光图片20260603/未标注/焊点空洞/焊点空洞 (6).jpg,焊点空洞,0,1024,1024,2121,无,0
X光图片20260603_000609,X光图片20260603/未标注/焊点空洞/焊点空洞 (6).jpg,焊点空洞,1024,1024,2048,2121,无,0
X光图片20260603_000610,X光图片20260603/未标注/焊点空洞/焊点空洞 (6).jpg,焊点空洞,2048,1024,3200,2121,无,0
X光图片20260603_000611,X光图片20260603/未标注/焊点空洞/焊点空洞 (7).jpg,焊点空洞,0,0,1123,1024,缺陷,1
X光图片20260603_000612,X光图片20260603/未标注/焊点空洞/焊点空洞 (7).jpg,焊点空洞,1123,0,2147,1024,无,0
X光图片20260603_000613,X光图片20260603/未标注/焊点空洞/焊点空洞 (7).jpg,焊点空洞,2147,0,3200,1024,无,0
X光图片20260603_000614,X光图片20260603/未标注/焊点空洞/焊点空洞 (7).jpg,焊点空洞,0,1024,1123,2121,缺陷,1
X光图片20260603_000615,X光图片20260603/未标注/焊点空洞/焊点空洞 (7).jpg,焊点空洞,1123,1024,2147,2121,无,0
X光图片20260603_000616,X光图片20260603/未标注/焊点空洞/焊点空洞 (7).jpg,焊点空洞,2147,1024,3200,2121,无,0
X光图片20260603_000617,X光图片20260603/未标注/焊点空洞/焊点空洞 (8).jpg,焊点空洞,0,0,1024,1024,无,0
X光图片20260603_000618,X光图片20260603/未标注/焊点空洞/焊点空洞 (8).jpg,焊点空洞,1024,0,2048,1024,缺陷,1
X光图片20260603_000619,X光图片20260603/未标注/焊点空洞/焊点空洞 (8).jpg,焊点空洞,2048,0,3200,1024,无,0
X光图片20260603_000620,X光图片20260603/未标注/焊点空洞/焊点空洞 (8).jpg,焊点空洞,0,1024,1024,2121,无,0
X光图片20260603_000621,X光图片20260603/未标注/焊点空洞/焊点空洞 (8).jpg,焊点空洞,1024,1024,2048,2121,无,0
X光图片20260603_000622,X光图片20260603/未标注/焊点空洞/焊点空洞 (8).jpg,焊点空洞,2048,1024,3200,2121,无,0
X光图片20260603_000623,X光图片20260603/未标注/焊点空洞/焊点空洞 (9).jpg,焊点空洞,0,0,901,954,无,0
X光图片20260603_000624,X光图片20260603/未标注/焊点空洞/焊点空洞 (9).jpg,焊点空洞,901,0,1925,954,缺陷,1
X光图片20260603_000625,X光图片20260603/未标注/焊点空洞/焊点空洞 (9).jpg,焊点空洞,1925,0,3200,954,无,0
X光图片20260603_000626,X光图片20260603/未标注/焊点空洞/焊点空洞 (9).jpg,焊点空洞,0,954,901,2121,缺陷,1
X光图片20260603_000627,X光图片20260603/未标注/焊点空洞/焊点空洞 (9).jpg,焊点空洞,901,954,1925,2121,缺陷,1
X光图片20260603_000628,X光图片20260603/未标注/焊点空洞/焊点空洞 (9).jpg,焊点空洞,1925,954,3200,2121,无,0
X光图片20260603_000629,X光图片20260603/未标注/焊点空洞/焊点空洞 (10).jpg,焊点空洞,0,0,957,944,无,0
X光图片20260603_000630,X光图片20260603/未标注/焊点空洞/焊点空洞 (10).jpg,焊点空洞,957,0,1981,944,无,0
X光图片20260603_000631,X光图片20260603/未标注/焊点空洞/焊点空洞 (10).jpg,焊点空洞,1981,0,3200,944,无,0
X光图片20260603_000632,X光图片20260603/未标注/焊点空洞/焊点空洞 (10).jpg,焊点空洞,0,944,957,2121,无,0
X光图片20260603_000633,X光图片20260603/未标注/焊点空洞/焊点空洞 (10).jpg,焊点空洞,957,944,1981,2121,缺陷,1
X光图片20260603_000634,X光图片20260603/未标注/焊点空洞/焊点空洞 (10).jpg,焊点空洞,1981,944,3200,2121,无,0
X光图片20260603_000635,X光图片20260603/未标注/焊点空洞/焊点空洞 (11).jpg,焊点空洞,0,0,1024,1037,缺陷,1
X光图片20260603_000636,X光图片20260603/未标注/焊点空洞/焊点空洞 (11).jpg,焊点空洞,1024,0,2048,1037,缺陷,1
X光图片20260603_000637,X光图片20260603/未标注/焊点空洞/焊点空洞 (11).jpg,焊点空洞,2048,0,3200,1037,无,0
X光图片20260603_000638,X光图片20260603/未标注/焊点空洞/焊点空洞 (11).jpg,焊点空洞,0,1037,1024,2121,无,0
X光图片20260603_000639,X光图片20260603/未标注/焊点空洞/焊点空洞 (11).jpg,焊点空洞,1024,1037,2048,2121,无,0
X光图片20260603_000640,X光图片20260603/未标注/焊点空洞/焊点空洞 (11).jpg,焊点空洞,2048,1037,3200,2121,无,0
X光图片20260603_000641,X光图片20260603/未标注/焊点空洞/焊点空洞 (12).jpg,焊点空洞,0,0,1024,986,无,0
X光图片20260603_000642,X光图片20260603/未标注/焊点空洞/焊点空洞 (12).jpg,焊点空洞,1024,0,2048,986,无,0
X光图片20260603_000643,X光图片20260603/未标注/焊点空洞/焊点空洞 (12).jpg,焊点空洞,2048,0,3200,986,无,0
X光图片20260603_000644,X光图片20260603/未标注/焊点空洞/焊点空洞 (12).jpg,焊点空洞,0,986,1024,2121,无,0
X光图片20260603_000645,X光图片20260603/未标注/焊点空洞/焊点空洞 (12).jpg,焊点空洞,1024,986,2048,2121,缺陷,1
X光图片20260603_000646,X光图片20260603/未标注/焊点空洞/焊点空洞 (12).jpg,焊点空洞,2048,986,3200,2121,无,0
X光图片20260603_000647,X光图片20260603/未标注/焊点空洞/焊点空洞 (13).jpg,焊点空洞,0,0,1054,1024,缺陷,1
X光图片20260603_000648,X光图片20260603/未标注/焊点空洞/焊点空洞 (13).jpg,焊点空洞,1054,0,2078,1024,无,0
X光图片20260603_000649,X光图片20260603/未标注/焊点空洞/焊点空洞 (13).jpg,焊点空洞,2078,0,3200,1024,无,0
X光图片20260603_000650,X光图片20260603/未标注/焊点空洞/焊点空洞 (13).jpg,焊点空洞,0,1024,1054,2121,无,0
X光图片20260603_000651,X光图片20260603/未标注/焊点空洞/焊点空洞 (13).jpg,焊点空洞,1054,1024,2078,2121,无,0
X光图片20260603_000652,X光图片20260603/未标注/焊点空洞/焊点空洞 (13).jpg,焊点空洞,2078,1024,3200,2121,无,0
X光图片20260603_000653,X光图片20260603/未标注/焊点空洞/焊点空洞 (14).jpg,焊点空洞,0,0,1024,1024,缺陷,1
X光图片20260603_000654,X光图片20260603/未标注/焊点空洞/焊点空洞 (14).jpg,焊点空洞,1024,0,2048,1024,无,0
X光图片20260603_000655,X光图片20260603/未标注/焊点空洞/焊点空洞 (14).jpg,焊点空洞,2048,0,3200,1024,无,0
X光图片20260603_000656,X光图片20260603/未标注/焊点空洞/焊点空洞 (14).jpg,焊点空洞,0,1024,1024,2121,缺陷,1
X光图片20260603_000657,X光图片20260603/未标注/焊点空洞/焊点空洞 (14).jpg,焊点空洞,1024,1024,2048,2121,无,0
X光图片20260603_000658,X光图片20260603/未标注/焊点空洞/焊点空洞 (14).jpg,焊点空洞,2048,1024,3200,2121,无,0
X光图片20260603_000659,X光图片20260603/未标注/焊点空洞/焊点空洞 (15).jpg,焊点空洞,0,0,975,1069,无,0
X光图片20260603_000660,X光图片20260603/未标注/焊点空洞/焊点空洞 (15).jpg,焊点空洞,975,0,1999,1069,缺陷,3
X光图片20260603_000661,X光图片20260603/未标注/焊点空洞/焊点空洞 (15).jpg,焊点空洞,1999,0,3200,1069,无,0
X光图片20260603_000662,X光图片20260603/未标注/焊点空洞/焊点空洞 (15).jpg,焊点空洞,0,1069,975,2121,无,0
X光图片20260603_000663,X光图片20260603/未标注/焊点空洞/焊点空洞 (15).jpg,焊点空洞,975,1069,1999,2121,无,0
X光图片20260603_000664,X光图片20260603/未标注/焊点空洞/焊点空洞 (15).jpg,焊点空洞,1999,1069,3200,2121,无,0
X光图片20260603_000665,X光图片20260603/未标注/焊点空洞/焊点空洞 (16).jpg,焊点空洞,0,0,669,1024,无,0
X光图片20260603_000666,X光图片20260603/未标注/焊点空洞/焊点空洞 (16).jpg,焊点空洞,669,0,1693,1024,缺陷,1
X光图片20260603_000667,X光图片20260603/未标注/焊点空洞/焊点空洞 (16).jpg,焊点空洞,1693,0,2717,1024,无,0
X光图片20260603_000668,X光图片20260603/未标注/焊点空洞/焊点空洞 (16).jpg,焊点空洞,2717,0,3200,1024,无,0
X光图片20260603_000669,X光图片20260603/未标注/焊点空洞/焊点空洞 (16).jpg,焊点空洞,0,1024,669,2121,无,0
X光图片20260603_000670,X光图片20260603/未标注/焊点空洞/焊点空洞 (16).jpg,焊点空洞,669,1024,1693,2121,无,0
X光图片20260603_000671,X光图片20260603/未标注/焊点空洞/焊点空洞 (16).jpg,焊点空洞,1693,1024,2717,2121,无,0
X光图片20260603_000672,X光图片20260603/未标注/焊点空洞/焊点空洞 (16).jpg,焊点空洞,2717,1024,3200,2121,无,0
X光图片20260603_000673,X光图片20260603/未标注/焊点空洞/焊点空洞 (17).jpg,焊点空洞,0,0,912,1024,缺陷,1
X光图片20260603_000674,X光图片20260603/未标注/焊点空洞/焊点空洞 (17).jpg,焊点空洞,912,0,1936,1024,缺陷,1
X光图片20260603_000675,X光图片20260603/未标注/焊点空洞/焊点空洞 (17).jpg,焊点空洞,1936,0,3200,1024,无,0
X光图片20260603_000676,X光图片20260603/未标注/焊点空洞/焊点空洞 (17).jpg,焊点空洞,0,1024,912,2121,无,0
X光图片20260603_000677,X光图片20260603/未标注/焊点空洞/焊点空洞 (17).jpg,焊点空洞,912,1024,1936,2121,无,0
X光图片20260603_000678,X光图片20260603/未标注/焊点空洞/焊点空洞 (17).jpg,焊点空洞,1936,1024,3200,2121,无,0
X光图片20260603_000679,X光图片20260603/未标注/焊点空洞/焊点空洞 (18).jpg,焊点空洞,0,0,1024,1024,无,0
X光图片20260603_000680,X光图片20260603/未标注/焊点空洞/焊点空洞 (18).jpg,焊点空洞,1024,0,2048,1024,无,0
X光图片20260603_000681,X光图片20260603/未标注/焊点空洞/焊点空洞 (18).jpg,焊点空洞,2048,0,3200,1024,无,0
X光图片20260603_000682,X光图片20260603/未标注/焊点空洞/焊点空洞 (18).jpg,焊点空洞,0,1024,1024,2121,无,0
X光图片20260603_000683,X光图片20260603/未标注/焊点空洞/焊点空洞 (18).jpg,焊点空洞,1024,1024,2048,2121,缺陷,2
X光图片20260603_000684,X光图片20260603/未标注/焊点空洞/焊点空洞 (18).jpg,焊点空洞,2048,1024,3200,2121,无,0
X光图片20260603_000685,X光图片20260603/未标注/焊点空洞/焊点空洞 (19).jpg,焊点空洞,0,0,1024,1124,缺陷,1
X光图片20260603_000686,X光图片20260603/未标注/焊点空洞/焊点空洞 (19).jpg,焊点空洞,1024,0,2048,1124,无,0
X光图片20260603_000687,X光图片20260603/未标注/焊点空洞/焊点空洞 (19).jpg,焊点空洞,2048,0,3200,1124,无,0
X光图片20260603_000688,X光图片20260603/未标注/焊点空洞/焊点空洞 (19).jpg,焊点空洞,0,1124,1024,2121,无,0
X光图片20260603_000689,X光图片20260603/未标注/焊点空洞/焊点空洞 (19).jpg,焊点空洞,1024,1124,2048,2121,无,0
X光图片20260603_000690,X光图片20260603/未标注/焊点空洞/焊点空洞 (19).jpg,焊点空洞,2048,1124,3200,2121,无,0
X光图片20260603_000691,X光图片20260603/未标注/焊点空洞/焊点空洞 (20).jpg,焊点空洞,0,0,1024,1035,无,0
X光图片20260603_000692,X光图片20260603/未标注/焊点空洞/焊点空洞 (20).jpg,焊点空洞,1024,0,2031,1035,无,0
X光图片20260603_000693,X光图片20260603/未标注/焊点空洞/焊点空洞 (20).jpg,焊点空洞,2031,0,3200,1035,缺陷,1
X光图片20260603_000694,X光图片20260603/未标注/焊点空洞/焊点空洞 (20).jpg,焊点空洞,0,1035,1024,2121,无,0
X光图片20260603_000695,X光图片20260603/未标注/焊点空洞/焊点空洞 (20).jpg,焊点空洞,1024,1035,2031,2121,无,0
X光图片20260603_000696,X光图片20260603/未标注/焊点空洞/焊点空洞 (20).jpg,焊点空洞,2031,1035,3200,2121,无,0
X光图片20260603_000697,X光图片20260603/未标注/焊点空洞/焊点空洞 (21).jpg,焊点空洞,0,0,1024,1024,无,0
X光图片20260603_000698,X光图片20260603/未标注/焊点空洞/焊点空洞 (21).jpg,焊点空洞,1024,0,2048,1024,缺陷,1
X光图片20260603_000699,X光图片20260603/未标注/焊点空洞/焊点空洞 (21).jpg,焊点空洞,2048,0,3200,1024,无,0
X光图片20260603_000700,X光图片20260603/未标注/焊点空洞/焊点空洞 (21).jpg,焊点空洞,0,1024,1024,2121,无,0
X光图片20260603_000701,X光图片20260603/未标注/焊点空洞/焊点空洞 (21).jpg,焊点空洞,1024,1024,2048,2121,无,0
X光图片20260603_000702,X光图片20260603/未标注/焊点空洞/焊点空洞 (21).jpg,焊点空洞,2048,1024,3200,2121,无,0
X光图片20260603_000703,X光图片20260603/未标注/焊点空洞/焊点空洞 (22).jpg,焊点空洞,0,0,933,1024,无,0
X光图片20260603_000704,X光图片20260603/未标注/焊点空洞/焊点空洞 (22).jpg,焊点空洞,933,0,1957,1024,缺陷,1
X光图片20260603_000705,X光图片20260603/未标注/焊点空洞/焊点空洞 (22).jpg,焊点空洞,1957,0,3200,1024,无,0
X光图片20260603_000706,X光图片20260603/未标注/焊点空洞/焊点空洞 (22).jpg,焊点空洞,0,1024,933,2121,无,0
X光图片20260603_000707,X光图片20260603/未标注/焊点空洞/焊点空洞 (22).jpg,焊点空洞,933,1024,1957,2121,无,0
X光图片20260603_000708,X光图片20260603/未标注/焊点空洞/焊点空洞 (22).jpg,焊点空洞,1957,1024,3200,2121,无,0
X光图片20260603_000709,X光图片20260603/未标注/焊点空洞/焊点空洞 (23).jpg,焊点空洞,0,0,662,1024,无,0
X光图片20260603_000710,X光图片20260603/未标注/焊点空洞/焊点空洞 (23).jpg,焊点空洞,662,0,1686,1024,缺陷,1
X光图片20260603_000711,X光图片20260603/未标注/焊点空洞/焊点空洞 (23).jpg,焊点空洞,1686,0,2710,1024,无,0
X光图片20260603_000712,X光图片20260603/未标注/焊点空洞/焊点空洞 (23).jpg,焊点空洞,2710,0,3200,1024,无,0
X光图片20260603_000713,X光图片20260603/未标注/焊点空洞/焊点空洞 (23).jpg,焊点空洞,0,1024,662,2121,无,0
X光图片20260603_000714,X光图片20260603/未标注/焊点空洞/焊点空洞 (23).jpg,焊点空洞,662,1024,1686,2121,缺陷,1
X光图片20260603_000715,X光图片20260603/未标注/焊点空洞/焊点空洞 (23).jpg,焊点空洞,1686,1024,2710,2121,无,0
X光图片20260603_000716,X光图片20260603/未标注/焊点空洞/焊点空洞 (23).jpg,焊点空洞,2710,1024,3200,2121,无,0
X光图片20260603_000717,X光图片20260603/未标注/焊点空洞/焊点空洞 (24).jpg,焊点空洞,0,0,1024,1024,无,0
X光图片20260603_000718,X光图片20260603/未标注/焊点空洞/焊点空洞 (24).jpg,焊点空洞,1024,0,2048,1024,缺陷,1
X光图片20260603_000719,X光图片20260603/未标注/焊点空洞/焊点空洞 (24).jpg,焊点空洞,2048,0,3200,1024,无,0
X光图片20260603_000720,X光图片20260603/未标注/焊点空洞/焊点空洞 (24).jpg,焊点空洞,0,1024,1024,2121,无,0
X光图片20260603_000721,X光图片20260603/未标注/焊点空洞/焊点空洞 (24).jpg,焊点空洞,1024,1024,2048,2121,无,0
X光图片20260603_000722,X光图片20260603/未标注/焊点空洞/焊点空洞 (24).jpg,焊点空洞,2048,1024,3200,2121,无,0
X光图片20260603_000723,X光图片20260603/未标注/焊点空洞/焊点空洞 (25).jpg,焊点空洞,0,0,1024,1024,缺陷,1
X光图片20260603_000724,X光图片20260603/未标注/焊点空洞/焊点空洞 (25).jpg,焊点空洞,1024,0,2048,1024,无,0
X光图片20260603_000725,X光图片20260603/未标注/焊点空洞/焊点空洞 (25).jpg,焊点空洞,2048,0,3200,1024,无,0
X光图片20260603_000726,X光图片20260603/未标注/焊点空洞/焊点空洞 (25).jpg,焊点空洞,0,1024,1024,2121,无,0
X光图片20260603_000727,X光图片20260603/未标注/焊点空洞/焊点空洞 (25).jpg,焊点空洞,1024,1024,2048,2121,无,0
X光图片20260603_000728,X光图片20260603/未标注/焊点空洞/焊点空洞 (25).jpg,焊点空洞,2048,1024,3200,2121,无,0
X光图片20260603_000729,X光图片20260603/未标注/焊点空洞/焊点空洞 (26).jpg,焊点空洞,0,0,1024,1024,无,0
X光图片20260603_000730,X光图片20260603/未标注/焊点空洞/焊点空洞 (26).jpg,焊点空洞,1024,0,2217,1024,缺陷,1
X光图片20260603_000731,X光图片20260603/未标注/焊点空洞/焊点空洞 (26).jpg,焊点空洞,2217,0,3200,1024,无,0
X光图片20260603_000732,X光图片20260603/未标注/焊点空洞/焊点空洞 (26).jpg,焊点空洞,0,1024,1024,2121,无,0
X光图片20260603_000733,X光图片20260603/未标注/焊点空洞/焊点空洞 (26).jpg,焊点空洞,1024,1024,2217,2121,无,0
X光图片20260603_000734,X光图片20260603/未标注/焊点空洞/焊点空洞 (26).jpg,焊点空洞,2217,1024,3200,2121,无,0
X光图片20260603_000735,X光图片20260603/未标注/焊点空洞/焊点空洞 (27).jpg,焊点空洞,0,0,1024,1024,无,0
X光图片20260603_000736,X光图片20260603/未标注/焊点空洞/焊点空洞 (27).jpg,焊点空洞,1024,0,2048,1024,缺陷,1
X光图片20260603_000737,X光图片20260603/未标注/焊点空洞/焊点空洞 (27).jpg,焊点空洞,2048,0,3200,1024,无,0
X光图片20260603_000738,X光图片20260603/未标注/焊点空洞/焊点空洞 (27).jpg,焊点空洞,0,1024,1024,2121,无,0
X光图片20260603_000739,X光图片20260603/未标注/焊点空洞/焊点空洞 (27).jpg,焊点空洞,1024,1024,2048,2121,无,0
X光图片20260603_000740,X光图片20260603/未标注/焊点空洞/焊点空洞 (27).jpg,焊点空洞,2048,1024,3200,2121,无,0
X光图片20260603_000741,X光图片20260603/未标注/焊点空洞/焊点空洞 (28).jpg,焊点空洞,0,0,1024,1024,无,0
X光图片20260603_000742,X光图片20260603/未标注/焊点空洞/焊点空洞 (28).jpg,焊点空洞,1024,0,2048,1024,无,0
X光图片20260603_000743,X光图片20260603/未标注/焊点空洞/焊点空洞 (28).jpg,焊点空洞,2048,0,3200,1024,无,0
X光图片20260603_000744,X光图片20260603/未标注/焊点空洞/焊点空洞 (28).jpg,焊点空洞,0,1024,1024,2121,无,0
X光图片20260603_000745,X光图片20260603/未标注/焊点空洞/焊点空洞 (28).jpg,焊点空洞,1024,1024,2048,2121,缺陷,1
X光图片20260603_000746,X光图片20260603/未标注/焊点空洞/焊点空洞 (28).jpg,焊点空洞,2048,1024,3200,2121,无,0
X光图片20260603_000747,X光图片20260603/未标注/焊点空洞/焊点空洞 (29).jpg,焊点空洞,0,0,1029,1024,无,0
X光图片20260603_000748,X光图片20260603/未标注/焊点空洞/焊点空洞 (29).jpg,焊点空洞,1029,0,2053,1024,无,0
X光图片20260603_000749,X光图片20260603/未标注/焊点空洞/焊点空洞 (29).jpg,焊点空洞,2053,0,3200,1024,无,0
X光图片20260603_000750,X光图片20260603/未标注/焊点空洞/焊点空洞 (29).jpg,焊点空洞,0,1024,1029,2121,缺陷,1
X光图片20260603_000751,X光图片20260603/未标注/焊点空洞/焊点空洞 (29).jpg,焊点空洞,1029,1024,2053,2121,无,0
X光图片20260603_000752,X光图片20260603/未标注/焊点空洞/焊点空洞 (29).jpg,焊点空洞,2053,1024,3200,2121,无,0
X光图片20260603_000753,X光图片20260603/未标注/焊点空洞/焊点空洞 (30).jpg,焊点空洞,0,0,1024,1024,无,0
X光图片20260603_000754,X光图片20260603/未标注/焊点空洞/焊点空洞 (30).jpg,焊点空洞,1024,0,2048,1024,缺陷,2
X光图片20260603_000755,X光图片20260603/未标注/焊点空洞/焊点空洞 (30).jpg,焊点空洞,2048,0,3200,1024,无,0
X光图片20260603_000756,X光图片20260603/未标注/焊点空洞/焊点空洞 (30).jpg,焊点空洞,0,1024,1024,2121,无,0
X光图片20260603_000757,X光图片20260603/未标注/焊点空洞/焊点空洞 (30).jpg,焊点空洞,1024,1024,2048,2121,无,0
X光图片20260603_000758,X光图片20260603/未标注/焊点空洞/焊点空洞 (30).jpg,焊点空洞,2048,1024,3200,2121,无,0
X光图片20260603_000759,X光图片20260603/未标注/焊点空洞/焊点空洞 (31).jpg,焊点空洞,0,0,1024,1038,无,0
X光图片20260603_000760,X光图片20260603/未标注/焊点空洞/焊点空洞 (31).jpg,焊点空洞,1024,0,2048,1038,缺陷,2
X光图片20260603_000761,X光图片20260603/未标注/焊点空洞/焊点空洞 (31).jpg,焊点空洞,2048,0,3200,1038,无,0
X光图片20260603_000762,X光图片20260603/未标注/焊点空洞/焊点空洞 (31).jpg,焊点空洞,0,1038,1024,2121,无,0
X光图片20260603_000763,X光图片20260603/未标注/焊点空洞/焊点空洞 (31).jpg,焊点空洞,1024,1038,2048,2121,无,0
X光图片20260603_000764,X光图片20260603/未标注/焊点空洞/焊点空洞 (31).jpg,焊点空洞,2048,1038,3200,2121,无,0
X光图片20260603_000765,X光图片20260603/未标注/焊点空洞/焊点空洞 (32).jpg,焊点空洞,0,0,1024,1172,无,0
X光图片20260603_000766,X光图片20260603/未标注/焊点空洞/焊点空洞 (32).jpg,焊点空洞,1024,0,2093,1172,缺陷,1
X光图片20260603_000767,X光图片20260603/未标注/焊点空洞/焊点空洞 (32).jpg,焊点空洞,2093,0,3200,1172,无,0
X光图片20260603_000768,X光图片20260603/未标注/焊点空洞/焊点空洞 (32).jpg,焊点空洞,0,1172,1024,2121,无,0
X光图片20260603_000769,X光图片20260603/未标注/焊点空洞/焊点空洞 (32).jpg,焊点空洞,1024,1172,2093,2121,无,0
X光图片20260603_000770,X光图片20260603/未标注/焊点空洞/焊点空洞 (32).jpg,焊点空洞,2093,1172,3200,2121,无,0
X光图片20260603_000771,X光图片20260603/未标注/焊点空洞/焊点空洞 (33).jpg,焊点空洞,0,0,824,1056,无,0
X光图片20260603_000772,X光图片20260603/未标注/焊点空洞/焊点空洞 (33).jpg,焊点空洞,824,0,1796,1056,缺陷,1
X光图片20260603_000773,X光图片20260603/未标注/焊点空洞/焊点空洞 (33).jpg,焊点空洞,1796,0,2820,1056,缺陷,1
X光图片20260603_000774,X光图片20260603/未标注/焊点空洞/焊点空洞 (33).jpg,焊点空洞,2820,0,3200,1056,无,0
X光图片20260603_000775,X光图片20260603/未标注/焊点空洞/焊点空洞 (33).jpg,焊点空洞,0,1056,824,2121,无,0
X光图片20260603_000776,X光图片20260603/未标注/焊点空洞/焊点空洞 (33).jpg,焊点空洞,824,1056,1796,2121,无,0
X光图片20260603_000777,X光图片20260603/未标注/焊点空洞/焊点空洞 (33).jpg,焊点空洞,1796,1056,2820,2121,无,0
X光图片20260603_000778,X光图片20260603/未标注/焊点空洞/焊点空洞 (33).jpg,焊点空洞,2820,1056,3200,2121,无,0
X光图片20260603_000779,X光图片20260603/未标注/焊点空洞/焊点空洞 (34).jpg,焊点空洞,0,0,965,1024,无,0
X光图片20260603_000780,X光图片20260603/未标注/焊点空洞/焊点空洞 (34).jpg,焊点空洞,965,0,2090,1024,缺陷,1
X光图片20260603_000781,X光图片20260603/未标注/焊点空洞/焊点空洞 (34).jpg,焊点空洞,2090,0,3200,1024,无,0
X光图片20260603_000782,X光图片20260603/未标注/焊点空洞/焊点空洞 (34).jpg,焊点空洞,0,1024,965,2121,无,0
X光图片20260603_000783,X光图片20260603/未标注/焊点空洞/焊点空洞 (34).jpg,焊点空洞,965,1024,2090,2121,缺陷,1
X光图片20260603_000784,X光图片20260603/未标注/焊点空洞/焊点空洞 (34).jpg,焊点空洞,2090,1024,3200,2121,无,0
X光图片20260603_000785,X光图片20260603/未标注/过锡不良/过锡不良 (1).jpg,过锡不良,0,0,1035,1024,缺陷,1
X光图片20260603_000786,X光图片20260603/未标注/过锡不良/过锡不良 (1).jpg,过锡不良,1035,0,2059,1024,无,0
X光图片20260603_000787,X光图片20260603/未标注/过锡不良/过锡不良 (1).jpg,过锡不良,2059,0,3200,1024,无,0
X光图片20260603_000788,X光图片20260603/未标注/过锡不良/过锡不良 (1).jpg,过锡不良,0,1024,1035,2121,无,0
X光图片20260603_000789,X光图片20260603/未标注/过锡不良/过锡不良 (1).jpg,过锡不良,1035,1024,2059,2121,无,0
X光图片20260603_000790,X光图片20260603/未标注/过锡不良/过锡不良 (1).jpg,过锡不良,2059,1024,3200,2121,无,0
X光图片20260603_000791,X光图片20260603/未标注/过锡不良/过锡不良 (2).jpg,过锡不良,0,0,1024,1024,无,0
X光图片20260603_000792,X光图片20260603/未标注/过锡不良/过锡不良 (2).jpg,过锡不良,1024,0,1747,1024,缺陷,1
X光图片20260603_000793,X光图片20260603/未标注/过锡不良/过锡不良 (2).jpg,过锡不良,0,1024,1024,1560,无,0
X光图片20260603_000794,X光图片20260603/未标注/过锡不良/过锡不良 (2).jpg,过锡不良,1024,1024,1747,1560,无,0
X光图片20260603_000795,X光图片20260603/未标注/过锡不良/过锡不良 (3).jpg,过锡不良,0,0,1024,1024,缺陷,1
X光图片20260603_000796,X光图片20260603/未标注/过锡不良/过锡不良 (3).jpg,过锡不良,1024,0,2048,1024,无,0
X光图片20260603_000797,X光图片20260603/未标注/过锡不良/过锡不良 (3).jpg,过锡不良,2048,0,3200,1024,无,0
X光图片20260603_000798,X光图片20260603/未标注/过锡不良/过锡不良 (3).jpg,过锡不良,0,1024,1024,2121,无,0
X光图片20260603_000799,X光图片20260603/未标注/过锡不良/过锡不良 (3).jpg,过锡不良,1024,1024,2048,2121,无,0
X光图片20260603_000800,X光图片20260603/未标注/过锡不良/过锡不良 (3).jpg,过锡不良,2048,1024,3200,2121,无,0
X光图片20260603_000801,X光图片20260603/未标注/过锡不良/过锡不良 (4).jpg,过锡不良,0,0,1024,1024,无,0
X光图片20260603_000802,X光图片20260603/未标注/过锡不良/过锡不良 (4).jpg,过锡不良,1024,0,2048,1024,无,0
X光图片20260603_000803,X光图片20260603/未标注/过锡不良/过锡不良 (4).jpg,过锡不良,2048,0,3200,1024,无,0
X光图片20260603_000804,X光图片20260603/未标注/过锡不良/过锡不良 (4).jpg,过锡不良,0,1024,1024,2121,缺陷,1
X光图片20260603_000805,X光图片20260603/未标注/过锡不良/过锡不良 (4).jpg,过锡不良,1024,1024,2048,2121,无,0
X光图片20260603_000806,X光图片20260603/未标注/过锡不良/过锡不良 (4).jpg,过锡不良,2048,1024,3200,2121,无,0
X光图片20260603_000807,X光图片20260603/未标注/过锡不良/过锡不良 (5).jpg,过锡不良,0,0,1024,1024,缺陷,1
X光图片20260603_000808,X光图片20260603/未标注/过锡不良/过锡不良 (5).jpg,过锡不良,1024,0,1747,1024,无,0
X光图片20260603_000809,X光图片20260603/未标注/过锡不良/过锡不良 (5).jpg,过锡不良,0,1024,1024,1560,无,0
X光图片20260603_000810,X光图片20260603/未标注/过锡不良/过锡不良 (5).jpg,过锡不良,1024,1024,1747,1560,无,0
X光图片20260603_000811,X光图片20260603/未标注/过锡不良/过锡不良 (6).jpg,过锡不良,0,0,1024,1024,缺陷,1
X光图片20260603_000812,X光图片20260603/未标注/过锡不良/过锡不良 (6).jpg,过锡不良,1024,0,2048,1024,无,0
X光图片20260603_000813,X光图片20260603/未标注/过锡不良/过锡不良 (6).jpg,过锡不良,2048,0,3200,1024,无,0
X光图片20260603_000814,X光图片20260603/未标注/过锡不良/过锡不良 (6).jpg,过锡不良,0,1024,1024,2121,无,0
X光图片20260603_000815,X光图片20260603/未标注/过锡不良/过锡不良 (6).jpg,过锡不良,1024,1024,2048,2121,无,0
X光图片20260603_000816,X光图片20260603/未标注/过锡不良/过锡不良 (6).jpg,过锡不良,2048,1024,3200,2121,无,0
X光图片20260603_000817,X光图片20260603/未标注/过锡不良/过锡不良 (7).jpg,过锡不良,0,0,1024,1024,无,0
X光图片20260603_000818,X光图片20260603/未标注/过锡不良/过锡不良 (7).jpg,过锡不良,1024,0,2048,1024,缺陷,1
X光图片20260603_000819,X光图片20260603/未标注/过锡不良/过锡不良 (7).jpg,过锡不良,2048,0,3200,1024,无,0
X光图片20260603_000820,X光图片20260603/未标注/过锡不良/过锡不良 (7).jpg,过锡不良,0,1024,1024,2121,无,0
X光图片20260603_000821,X光图片20260603/未标注/过锡不良/过锡不良 (7).jpg,过锡不良,1024,1024,2048,2121,无,0
X光图片20260603_000822,X光图片20260603/未标注/过锡不良/过锡不良 (7).jpg,过锡不良,2048,1024,3200,2121,无,0
X光图片20260603_000823,X光图片20260603/未标注/过锡不良/过锡不良 (8).jpg,过锡不良,0,0,1024,1024,无,0
X光图片20260603_000824,X光图片20260603/未标注/过锡不良/过锡不良 (8).jpg,过锡不良,1024,0,2048,1024,无,0
X光图片20260603_000825,X光图片20260603/未标注/过锡不良/过锡不良 (8).jpg,过锡不良,2048,0,3200,1024,无,0
X光图片20260603_000826,X光图片20260603/未标注/过锡不良/过锡不良 (8).jpg,过锡不良,0,1024,1024,2121,无,0
X光图片20260603_000827,X光图片20260603/未标注/过锡不良/过锡不良 (8).jpg,过锡不良,1024,1024,2048,2121,缺陷,1
X光图片20260603_000828,X光图片20260603/未标注/过锡不良/过锡不良 (8).jpg,过锡不良,2048,1024,3200,2121,无,0
X光图片20260603_000829,X光图片20260603/未标注/过锡不良/过锡不良 (9).jpg,过锡不良,0,0,1024,1024,无,0
X光图片20260603_000830,X光图片20260603/未标注/过锡不良/过锡不良 (9).jpg,过锡不良,1024,0,2048,1024,缺陷,1
X光图片20260603_000831,X光图片20260603/未标注/过锡不良/过锡不良 (9).jpg,过锡不良,2048,0,3200,1024,无,0
X光图片20260603_000832,X光图片20260603/未标注/过锡不良/过锡不良 (9).jpg,过锡不良,0,1024,1024,2121,无,0
X光图片20260603_000833,X光图片20260603/未标注/过锡不良/过锡不良 (9).jpg,过锡不良,1024,1024,2048,2121,无,0
X光图片20260603_000834,X光图片20260603/未标注/过锡不良/过锡不良 (9).jpg,过锡不良,2048,1024,3200,2121,无,0
X光图片20260603_000835,X光图片20260603/未标注/过锡不良/过锡不良 (10).jpg,过锡不良,0,0,798,939,无,0
X光图片20260603_000836,X光图片20260603/未标注/过锡不良/过锡不良 (10).jpg,过锡不良,798,0,1822,939,无,0
X光图片20260603_000837,X光图片20260603/未标注/过锡不良/过锡不良 (10).jpg,过锡不良,1822,0,2846,939,无,0
X光图片20260603_000838,X光图片20260603/未标注/过锡不良/过锡不良 (10).jpg,过锡不良,2846,0,3200,939,无,0
X光图片20260603_000839,X光图片20260603/未标注/过锡不良/过锡不良 (10).jpg,过锡不良,0,939,798,2121,无,0
X光图片20260603_000840,X光图片20260603/未标注/过锡不良/过锡不良 (10).jpg,过锡不良,798,939,1822,2121,缺陷,1
X光图片20260603_000841,X光图片20260603/未标注/过锡不良/过锡不良 (10).jpg,过锡不良,1822,939,2846,2121,无,0
X光图片20260603_000842,X光图片20260603/未标注/过锡不良/过锡不良 (10).jpg,过锡不良,2846,939,3200,2121,无,0
X光图片20260603_000843,X光图片20260603/未标注/过锡不良/过锡不良 (11).jpg,过锡不良,0,0,1024,1024,无,0
X光图片20260603_000844,X光图片20260603/未标注/过锡不良/过锡不良 (11).jpg,过锡不良,1024,0,2048,1024,缺陷,1
X光图片20260603_000845,X光图片20260603/未标注/过锡不良/过锡不良 (11).jpg,过锡不良,2048,0,3200,1024,无,0
X光图片20260603_000846,X光图片20260603/未标注/过锡不良/过锡不良 (11).jpg,过锡不良,0,1024,1024,2121,无,0
X光图片20260603_000847,X光图片20260603/未标注/过锡不良/过锡不良 (11).jpg,过锡不良,1024,1024,2048,2121,无,0
X光图片20260603_000848,X光图片20260603/未标注/过锡不良/过锡不良 (11).jpg,过锡不良,2048,1024,3200,2121,无,0
X光图片20260603_000849,X光图片20260603/未标注/过锡不良/过锡不良 (12).jpg,过锡不良,0,0,1308,957,无,0
X光图片20260603_000850,X光图片20260603/未标注/过锡不良/过锡不良 (12).jpg,过锡不良,1308,0,2332,957,无,0
X光图片20260603_000851,X光图片20260603/未标注/过锡不良/过锡不良 (12).jpg,过锡不良,2332,0,3200,957,无,0
X光图片20260603_000852,X光图片20260603/未标注/过锡不良/过锡不良 (12).jpg,过锡不良,0,957,1308,2121,缺陷,1
X光图片20260603_000853,X光图片20260603/未标注/过锡不良/过锡不良 (12).jpg,过锡不良,1308,957,2332,2121,无,0
X光图片20260603_000854,X光图片20260603/未标注/过锡不良/过锡不良 (12).jpg,过锡不良,2332,957,3200,2121,无,0
X光图片20260603_000855,X光图片20260603/未标注/过锡不良/过锡不良 (13).jpg,过锡不良,0,0,1024,1024,无,0
X光图片20260603_000856,X光图片20260603/未标注/过锡不良/过锡不良 (13).jpg,过锡不良,1024,0,2048,1024,无,0
X光图片20260603_000857,X光图片20260603/未标注/过锡不良/过锡不良 (13).jpg,过锡不良,2048,0,3200,1024,无,0
X光图片20260603_000858,X光图片20260603/未标注/过锡不良/过锡不良 (13).jpg,过锡不良,0,1024,1024,2121,缺陷,1
X光图片20260603_000859,X光图片20260603/未标注/过锡不良/过锡不良 (13).jpg,过锡不良,1024,1024,2048,2121,缺陷,1
X光图片20260603_000860,X光图片20260603/未标注/过锡不良/过锡不良 (13).jpg,过锡不良,2048,1024,3200,2121,无,0
X光图片20260603_000861,X光图片20260603/未标注/过锡不良/过锡不良 (14).jpg,过锡不良,0,0,1024,1024,无,0
X光图片20260603_000862,X光图片20260603/未标注/过锡不良/过锡不良 (14).jpg,过锡不良,1024,0,2048,1024,缺陷,1
X光图片20260603_000863,X光图片20260603/未标注/过锡不良/过锡不良 (14).jpg,过锡不良,2048,0,3200,1024,无,0
X光图片20260603_000864,X光图片20260603/未标注/过锡不良/过锡不良 (14).jpg,过锡不良,0,1024,1024,2121,无,0
X光图片20260603_000865,X光图片20260603/未标注/过锡不良/过锡不良 (14).jpg,过锡不良,1024,1024,2048,2121,无,0
X光图片20260603_000866,X光图片20260603/未标注/过锡不良/过锡不良 (14).jpg,过锡不良,2048,1024,3200,2121,无,0
X光图片20260603_000867,X光图片20260603/未标注/过锡不良/过锡不良 (15).jpg,过锡不良,0,0,1024,1024,缺陷,1
X光图片20260603_000868,X光图片20260603/未标注/过锡不良/过锡不良 (15).jpg,过锡不良,1024,0,2048,1024,缺陷,2
X光图片20260603_000869,X光图片20260603/未标注/过锡不良/过锡不良 (15).jpg,过锡不良,2048,0,3200,1024,无,0
X光图片20260603_000870,X光图片20260603/未标注/过锡不良/过锡不良 (15).jpg,过锡不良,0,1024,1024,2121,无,0
X光图片20260603_000871,X光图片20260603/未标注/过锡不良/过锡不良 (15).jpg,过锡不良,1024,1024,2048,2121,无,0
X光图片20260603_000872,X光图片20260603/未标注/过锡不良/过锡不良 (15).jpg,过锡不良,2048,1024,3200,2121,无,0
X光图片20260603_000873,X光图片20260603/未标注/过锡不良/过锡不良 (16).jpg,过锡不良,0,0,1024,1024,无,0
X光图片20260603_000874,X光图片20260603/未标注/过锡不良/过锡不良 (16).jpg,过锡不良,1024,0,2048,1024,缺陷,1
X光图片20260603_000875,X光图片20260603/未标注/过锡不良/过锡不良 (16).jpg,过锡不良,2048,0,3200,1024,无,0
X光图片20260603_000876,X光图片20260603/未标注/过锡不良/过锡不良 (16).jpg,过锡不良,0,1024,1024,2121,无,0
X光图片20260603_000877,X光图片20260603/未标注/过锡不良/过锡不良 (16).jpg,过锡不良,1024,1024,2048,2121,缺陷,1
X光图片20260603_000878,X光图片20260603/未标注/过锡不良/过锡不良 (16).jpg,过锡不良,2048,1024,3200,2121,无,0
X光图片20260603_000879,X光图片20260603/未标注/过锡不良/过锡不良 (17).jpg,过锡不良,0,0,567,1024,无,0
X光图片20260603_000880,X光图片20260603/未标注/过锡不良/过锡不良 (17).jpg,过锡不良,567,0,1735,1024,缺陷,1
X光图片20260603_000881,X光图片20260603/未标注/过锡不良/过锡不良 (17).jpg,过锡不良,1735,0,2759,1024,缺陷,1
X光图片20260603_000882,X光图片20260603/未标注/过锡不良/过锡不良 (17).jpg,过锡不良,2759,0,3200,1024,无,0
X光图片20260603_000883,X光图片20260603/未标注/过锡不良/过锡不良 (17).jpg,过锡不良,0,1024,567,2121,无,0
X光图片20260603_000884,X光图片20260603/未标注/过锡不良/过锡不良 (17).jpg,过锡不良,567,1024,1735,2121,缺陷,1
X光图片20260603_000885,X光图片20260603/未标注/过锡不良/过锡不良 (17).jpg,过锡不良,1735,1024,2759,2121,无,0
X光图片20260603_000886,X光图片20260603/未标注/过锡不良/过锡不良 (17).jpg,过锡不良,2759,1024,3200,2121,无,0
X光图片20260603_000887,X光图片20260603/未标注/过锡不良/过锡不良 (18).jpg,过锡不良,0,0,1024,1101,缺陷,1
X光图片20260603_000888,X光图片20260603/未标注/过锡不良/过锡不良 (18).jpg,过锡不良,1024,0,2048,1101,无,0
X光图片20260603_000889,X光图片20260603/未标注/过锡不良/过锡不良 (18).jpg,过锡不良,2048,0,3200,1101,无,0
X光图片20260603_000890,X光图片20260603/未标注/过锡不良/过锡不良 (18).jpg,过锡不良,0,1101,1024,2121,无,0
X光图片20260603_000891,X光图片20260603/未标注/过锡不良/过锡不良 (18).jpg,过锡不良,1024,1101,2048,2121,无,0
X光图片20260603_000892,X光图片20260603/未标注/过锡不良/过锡不良 (18).jpg,过锡不良,2048,1101,3200,2121,无,0
X光图片20260603_000893,X光图片20260603/未标注/过锡不良/过锡不良 (19).jpg,过锡不良,0,0,956,1024,无,0
X光图片20260603_000894,X光图片20260603/未标注/过锡不良/过锡不良 (19).jpg,过锡不良,956,0,1980,1024,缺陷,1
X光图片20260603_000895,X光图片20260603/未标注/过锡不良/过锡不良 (19).jpg,过锡不良,1980,0,3200,1024,无,0
X光图片20260603_000896,X光图片20260603/未标注/过锡不良/过锡不良 (19).jpg,过锡不良,0,1024,956,2121,无,0
X光图片20260603_000897,X光图片20260603/未标注/过锡不良/过锡不良 (19).jpg,过锡不良,956,1024,1980,2121,无,0
X光图片20260603_000898,X光图片20260603/未标注/过锡不良/过锡不良 (19).jpg,过锡不良,1980,1024,3200,2121,无,0
X光图片20260603_000899,X光图片20260603/未标注/过锡不良/过锡不良 (20).jpg,过锡不良,0,0,1024,1024,无,0
X光图片20260603_000900,X光图片20260603/未标注/过锡不良/过锡不良 (20).jpg,过锡不良,1024,0,2048,1024,缺陷,1
X光图片20260603_000901,X光图片20260603/未标注/过锡不良/过锡不良 (20).jpg,过锡不良,2048,0,3200,1024,无,0
X光图片20260603_000902,X光图片20260603/未标注/过锡不良/过锡不良 (20).jpg,过锡不良,0,1024,1024,2121,无,0
X光图片20260603_000903,X光图片20260603/未标注/过锡不良/过锡不良 (20).jpg,过锡不良,1024,1024,2048,2121,无,0
X光图片20260603_000904,X光图片20260603/未标注/过锡不良/过锡不良 (20).jpg,过锡不良,2048,1024,3200,2121,无,0
X光图片20260603_000905,X光图片20260603/未标注/过锡不良/过锡不良 (21).jpg,过锡不良,0,0,1024,1024,无,0
X光图片20260603_000906,X光图片20260603/未标注/过锡不良/过锡不良 (21).jpg,过锡不良,1024,0,2048,1024,缺陷,1
X光图片20260603_000907,X光图片20260603/未标注/过锡不良/过锡不良 (21).jpg,过锡不良,2048,0,3200,1024,无,0
X光图片20260603_000908,X光图片20260603/未标注/过锡不良/过锡不良 (21).jpg,过锡不良,0,1024,1024,2121,无,0
X光图片20260603_000909,X光图片20260603/未标注/过锡不良/过锡不良 (21).jpg,过锡不良,1024,1024,2048,2121,无,0
X光图片20260603_000910,X光图片20260603/未标注/过锡不良/过锡不良 (21).jpg,过锡不良,2048,1024,3200,2121,无,0
X光图片20260603_000911,X光图片20260603/未标注/过锡不良/过锡不良 (22).jpg,过锡不良,0,0,1024,1024,无,0
X光图片20260603_000912,X光图片20260603/未标注/过锡不良/过锡不良 (22).jpg,过锡不良,1024,0,2048,1024,缺陷,1
X光图片20260603_000913,X光图片20260603/未标注/过锡不良/过锡不良 (22).jpg,过锡不良,2048,0,3200,1024,无,0
X光图片20260603_000914,X光图片20260603/未标注/过锡不良/过锡不良 (22).jpg,过锡不良,0,1024,1024,2121,无,0
X光图片20260603_000915,X光图片20260603/未标注/过锡不良/过锡不良 (22).jpg,过锡不良,1024,1024,2048,2121,无,0
X光图片20260603_000916,X光图片20260603/未标注/过锡不良/过锡不良 (22).jpg,过锡不良,2048,1024,3200,2121,无,0
X光图片20260603_000917,X光图片20260603/未标注/过锡不良/过锡不良 (23).jpg,过锡不良,0,0,1024,1024,缺陷,2
X光图片20260603_000918,X光图片20260603/未标注/过锡不良/过锡不良 (23).jpg,过锡不良,1024,0,1747,1024,缺陷,1
X光图片20260603_000919,X光图片20260603/未标注/过锡不良/过锡不良 (23).jpg,过锡不良,0,1024,1024,1560,无,0
X光图片20260603_000920,X光图片20260603/未标注/过锡不良/过锡不良 (23).jpg,过锡不良,1024,1024,1747,1560,无,0
X光图片20260603_000921,X光图片20260603/未标注/过锡不良/过锡不良 (24).jpg,过锡不良,0,0,1024,1024,缺陷,2
X光图片20260603_000922,X光图片20260603/未标注/过锡不良/过锡不良 (24).jpg,过锡不良,1024,0,1747,1024,缺陷,1
X光图片20260603_000923,X光图片20260603/未标注/过锡不良/过锡不良 (24).jpg,过锡不良,0,1024,1024,1560,无,0
X光图片20260603_000924,X光图片20260603/未标注/过锡不良/过锡不良 (24).jpg,过锡不良,1024,1024,1747,1560,无,0
X光图片20260603_000925,X光图片20260603/未标注/过锡不良/过锡不良 (25).jpg,过锡不良,0,0,1024,1024,缺陷,2
X光图片20260603_000926,X光图片20260603/未标注/过锡不良/过锡不良 (25).jpg,过锡不良,1024,0,1747,1024,缺陷,1
X光图片20260603_000927,X光图片20260603/未标注/过锡不良/过锡不良 (25).jpg,过锡不良,0,1024,1024,1560,无,0
X光图片20260603_000928,X光图片20260603/未标注/过锡不良/过锡不良 (25).jpg,过锡不良,1024,1024,1747,1560,无,0
X光图片20260603_000929,X光图片20260603/未标注/过锡不良/过锡不良 (26).jpg,过锡不良,0,0,1024,1024,无,0
X光图片20260603_000930,X光图片20260603/未标注/过锡不良/过锡不良 (26).jpg,过锡不良,1024,0,2048,1024,缺陷,1
X光图片20260603_000931,X光图片20260603/未标注/过锡不良/过锡不良 (26).jpg,过锡不良,2048,0,3200,1024,无,0
X光图片20260603_000932,X光图片20260603/未标注/过锡不良/过锡不良 (26).jpg,过锡不良,0,1024,1024,2121,无,0
X光图片20260603_000933,X光图片20260603/未标注/过锡不良/过锡不良 (26).jpg,过锡不良,1024,1024,2048,2121,无,0
X光图片20260603_000934,X光图片20260603/未标注/过锡不良/过锡不良 (26).jpg,过锡不良,2048,1024,3200,2121,无,0
X光图片20260603_000935,X光图片20260603/未标注/过锡不良/过锡不良 (27).jpg,过锡不良,0,0,1024,1158,缺陷,1
X光图片20260603_000936,X光图片20260603/未标注/过锡不良/过锡不良 (27).jpg,过锡不良,1024,0,2048,1158,无,0
X光图片20260603_000937,X光图片20260603/未标注/过锡不良/过锡不良 (27).jpg,过锡不良,2048,0,3200,1158,无,0
X光图片20260603_000938,X光图片20260603/未标注/过锡不良/过锡不良 (27).jpg,过锡不良,0,1158,1024,2121,无,0
X光图片20260603_000939,X光图片20260603/未标注/过锡不良/过锡不良 (27).jpg,过锡不良,1024,1158,2048,2121,无,0
X光图片20260603_000940,X光图片20260603/未标注/过锡不良/过锡不良 (27).jpg,过锡不良,2048,1158,3200,2121,无,0
X光图片20260603_000941,X光图片20260603/未标注/过锡不良/过锡不良 (28).jpg,过锡不良,0,0,1024,1024,无,0
X光图片20260603_000942,X光图片20260603/未标注/过锡不良/过锡不良 (28).jpg,过锡不良,1024,0,2048,1024,无,0
X光图片20260603_000943,X光图片20260603/未标注/过锡不良/过锡不良 (28).jpg,过锡不良,2048,0,3200,1024,无,0
X光图片20260603_000944,X光图片20260603/未标注/过锡不良/过锡不良 (28).jpg,过锡不良,0,1024,1024,2121,缺陷,1
X光图片20260603_000945,X光图片20260603/未标注/过锡不良/过锡不良 (28).jpg,过锡不良,1024,1024,2048,2121,无,0
X光图片20260603_000946,X光图片20260603/未标注/过锡不良/过锡不良 (28).jpg,过锡不良,2048,1024,3200,2121,无,0
X光图片20260603_000947,X光图片20260603/未标注/过锡不良/过锡不良 (29).jpg,过锡不良,0,0,1024,1024,无,0
X光图片20260603_000948,X光图片20260603/未标注/过锡不良/过锡不良 (29).jpg,过锡不良,1024,0,2048,1024,无,0
X光图片20260603_000949,X光图片20260603/未标注/过锡不良/过锡不良 (29).jpg,过锡不良,2048,0,3200,1024,无,0
X光图片20260603_000950,X光图片20260603/未标注/过锡不良/过锡不良 (29).jpg,过锡不良,0,1024,1024,2121,缺陷,1
X光图片20260603_000951,X光图片20260603/未标注/过锡不良/过锡不良 (29).jpg,过锡不良,1024,1024,2048,2121,无,0
X光图片20260603_000952,X光图片20260603/未标注/过锡不良/过锡不良 (29).jpg,过锡不良,2048,1024,3200,2121,无,0
X光图片20260603_000953,X光图片20260603/未标注/过锡不良/过锡不良 (30).jpg,过锡不良,0,0,1024,1017,无,0
X光图片20260603_000954,X光图片20260603/未标注/过锡不良/过锡不良 (30).jpg,过锡不良,1024,0,2048,1017,无,0
X光图片20260603_000955,X光图片20260603/未标注/过锡不良/过锡不良 (30).jpg,过锡不良,2048,0,3200,1017,无,0
X光图片20260603_000956,X光图片20260603/未标注/过锡不良/过锡不良 (30).jpg,过锡不良,0,1017,1024,2121,缺陷,1
X光图片20260603_000957,X光图片20260603/未标注/过锡不良/过锡不良 (30).jpg,过锡不良,1024,1017,2048,2121,无,0
X光图片20260603_000958,X光图片20260603/未标注/过锡不良/过锡不良 (30).jpg,过锡不良,2048,1017,3200,2121,无,0
X光图片20260603_000959,X光图片20260603/未标注/过锡不良/过锡不良 (31).jpg,过锡不良,0,0,1203,938,无,0
X光图片20260603_000960,X光图片20260603/未标注/过锡不良/过锡不良 (31).jpg,过锡不良,1203,0,2227,938,无,0
X光图片20260603_000961,X光图片20260603/未标注/过锡不良/过锡不良 (31).jpg,过锡不良,2227,0,3200,938,无,0
X光图片20260603_000962,X光图片20260603/未标注/过锡不良/过锡不良 (31).jpg,过锡不良,0,938,1203,2121,缺陷,1
X光图片20260603_000963,X光图片20260603/未标注/过锡不良/过锡不良 (31).jpg,过锡不良,1203,938,2227,2121,无,0
X光图片20260603_000964,X光图片20260603/未标注/过锡不良/过锡不良 (31).jpg,过锡不良,2227,938,3200,2121,无,0
X光图片20260603_000965,X光图片20260603/未标注/过锡不良/过锡不良 (32).jpg,过锡不良,0,0,796,1009,无,0
X光图片20260603_000966,X光图片20260603/未标注/过锡不良/过锡不良 (32).jpg,过锡不良,796,0,1820,1009,无,0
X光图片20260603_000967,X光图片20260603/未标注/过锡不良/过锡不良 (32).jpg,过锡不良,1820,0,2844,1009,无,0
X光图片20260603_000968,X光图片20260603/未标注/过锡不良/过锡不良 (32).jpg,过锡不良,2844,0,3200,1009,无,0
X光图片20260603_000969,X光图片20260603/未标注/过锡不良/过锡不良 (32).jpg,过锡不良,0,1009,796,2121,无,0
X光图片20260603_000970,X光图片20260603/未标注/过锡不良/过锡不良 (32).jpg,过锡不良,796,1009,1820,2121,缺陷,1
X光图片20260603_000971,X光图片20260603/未标注/过锡不良/过锡不良 (32).jpg,过锡不良,1820,1009,2844,2121,无,0
X光图片20260603_000972,X光图片20260603/未标注/过锡不良/过锡不良 (32).jpg,过锡不良,2844,1009,3200,2121,无,0
X光图片20260603_000973,X光图片20260603/未标注/过锡不良/过锡不良 (33).jpg,过锡不良,0,0,1024,954,无,0
X光图片20260603_000974,X光图片20260603/未标注/过锡不良/过锡不良 (33).jpg,过锡不良,1024,0,2048,954,无,0
X光图片20260603_000975,X光图片20260603/未标注/过锡不良/过锡不良 (33).jpg,过锡不良,2048,0,3200,954,无,0
X光图片20260603_000976,X光图片20260603/未标注/过锡不良/过锡不良 (33).jpg,过锡不良,0,954,1024,2121,缺陷,1
X光图片20260603_000977,X光图片20260603/未标注/过锡不良/过锡不良 (33).jpg,过锡不良,1024,954,2048,2121,无,0
X光图片20260603_000978,X光图片20260603/未标注/过锡不良/过锡不良 (33).jpg,过锡不良,2048,954,3200,2121,无,0
X光图片20260603_000979,X光图片20260603/未标注/过锡不良/过锡不良 (34).jpg,过锡不良,0,0,1024,1024,无,0
X光图片20260603_000980,X光图片20260603/未标注/过锡不良/过锡不良 (34).jpg,过锡不良,1024,0,2048,1024,无,0
X光图片20260603_000981,X光图片20260603/未标注/过锡不良/过锡不良 (34).jpg,过锡不良,2048,0,3200,1024,无,0
X光图片20260603_000982,X光图片20260603/未标注/过锡不良/过锡不良 (34).jpg,过锡不良,0,1024,1024,2121,缺陷,1
X光图片20260603_000983,X光图片20260603/未标注/过锡不良/过锡不良 (34).jpg,过锡不良,1024,1024,2048,2121,无,0
X光图片20260603_000984,X光图片20260603/未标注/过锡不良/过锡不良 (34).jpg,过锡不良,2048,1024,3200,2121,无,0
X光图片20260603_000985,X光图片20260603/未标注/过锡不良/过锡不良 (35).jpg,过锡不良,0,0,1024,1012,无,0
X光图片20260603_000986,X光图片20260603/未标注/过锡不良/过锡不良 (35).jpg,过锡不良,1024,0,2048,1012,缺陷,1
X光图片20260603_000987,X光图片20260603/未标注/过锡不良/过锡不良 (35).jpg,过锡不良,2048,0,3200,1012,无,0
X光图片20260603_000988,X光图片20260603/未标注/过锡不良/过锡不良 (35).jpg,过锡不良,0,1012,1024,2121,缺陷,1
X光图片20260603_000989,X光图片20260603/未标注/过锡不良/过锡不良 (35).jpg,过锡不良,1024,1012,2048,2121,无,0
X光图片20260603_000990,X光图片20260603/未标注/过锡不良/过锡不良 (35).jpg,过锡不良,2048,1012,3200,2121,无,0
X光图片20260603_000991,X光图片20260603/未标注/过锡不良/过锡不良 (36).jpg,过锡不良,0,0,1024,1064,缺陷,1
X光图片20260603_000992,X光图片20260603/未标注/过锡不良/过锡不良 (36).jpg,过锡不良,1024,0,2030,1064,无,0
X光图片20260603_000993,X光图片20260603/未标注/过锡不良/过锡不良 (36).jpg,过锡不良,2030,0,3200,1064,缺陷,1
X光图片20260603_000994,X光图片20260603/未标注/过锡不良/过锡不良 (36).jpg,过锡不良,0,1064,1024,2121,无,0
X光图片20260603_000995,X光图片20260603/未标注/过锡不良/过锡不良 (36).jpg,过锡不良,1024,1064,2030,2121,无,0
X光图片20260603_000996,X光图片20260603/未标注/过锡不良/过锡不良 (36).jpg,过锡不良,2030,1064,3200,2121,无,0
X光图片20260603_000997,X光图片20260603/未标注/过锡不良/过锡不良 (37).jpg,过锡不良,0,0,1024,1124,缺陷,1
X光图片20260603_000998,X光图片20260603/未标注/过锡不良/过锡不良 (37).jpg,过锡不良,1024,0,2048,1124,无,0
X光图片20260603_000999,X光图片20260603/未标注/过锡不良/过锡不良 (37).jpg,过锡不良,2048,0,3200,1124,无,0
X光图片20260603_001000,X光图片20260603/未标注/过锡不良/过锡不良 (37).jpg,过锡不良,0,1124,1024,2121,无,0
X光图片20260603_001001,X光图片20260603/未标注/过锡不良/过锡不良 (37).jpg,过锡不良,1024,1124,2048,2121,无,0
X光图片20260603_001002,X光图片20260603/未标注/过锡不良/过锡不良 (37).jpg,过锡不良,2048,1124,3200,2121,无,0
X光图片20260603_001003,X光图片20260603/未标注/过锡不良/过锡不良 (38).jpg,过锡不良,0,0,1024,1043,缺陷,1
X光图片20260603_001004,X光图片20260603/未标注/过锡不良/过锡不良 (38).jpg,过锡不良,1024,0,2048,1043,无,0
X光图片20260603_001005,X光图片20260603/未标注/过锡不良/过锡不良 (38).jpg,过锡不良,2048,0,3200,1043,无,0
X光图片20260603_001006,X光图片20260603/未标注/过锡不良/过锡不良 (38).jpg,过锡不良,0,1043,1024,2121,无,0
X光图片20260603_001007,X光图片20260603/未标注/过锡不良/过锡不良 (38).jpg,过锡不良,1024,1043,2048,2121,无,0
X光图片20260603_001008,X光图片20260603/未标注/过锡不良/过锡不良 (38).jpg,过锡不良,2048,1043,3200,2121,无,0
X光图片20260603_001009,X光图片20260603/未标注/过锡不良/过锡不良 (39).jpg,过锡不良,0,0,1189,1024,缺陷,1
X光图片20260603_001010,X光图片20260603/未标注/过锡不良/过锡不良 (39).jpg,过锡不良,1189,0,2213,1024,无,0
X光图片20260603_001011,X光图片20260603/未标注/过锡不良/过锡不良 (39).jpg,过锡不良,2213,0,3200,1024,无,0
X光图片20260603_001012,X光图片20260603/未标注/过锡不良/过锡不良 (39).jpg,过锡不良,0,1024,1189,2121,缺陷,1
X光图片20260603_001013,X光图片20260603/未标注/过锡不良/过锡不良 (39).jpg,过锡不良,1189,1024,2213,2121,无,0
X光图片20260603_001014,X光图片20260603/未标注/过锡不良/过锡不良 (39).jpg,过锡不良,2213,1024,3200,2121,无,0
X光图片20260603_001015,X光图片20260603/未标注/过锡不良/过锡不良 (40).jpg,过锡不良,0,0,1024,1024,无,0
X光图片20260603_001016,X光图片20260603/未标注/过锡不良/过锡不良 (40).jpg,过锡不良,1024,0,2048,1024,缺陷,1
X光图片20260603_001017,X光图片20260603/未标注/过锡不良/过锡不良 (40).jpg,过锡不良,2048,0,3200,1024,无,0
X光图片20260603_001018,X光图片20260603/未标注/过锡不良/过锡不良 (40).jpg,过锡不良,0,1024,1024,2121,无,0
X光图片20260603_001019,X光图片20260603/未标注/过锡不良/过锡不良 (40).jpg,过锡不良,1024,1024,2048,2121,缺陷,1
X光图片20260603_001020,X光图片20260603/未标注/过锡不良/过锡不良 (40).jpg,过锡不良,2048,1024,3200,2121,无,0
X光图片20260603_001021,X光图片20260603/未标注/过锡不良/过锡不良 (41).jpg,过锡不良,0,0,1024,1079,无,0
X光图片20260603_001022,X光图片20260603/未标注/过锡不良/过锡不良 (41).jpg,过锡不良,1024,0,2048,1079,缺陷,1
X光图片20260603_001023,X光图片20260603/未标注/过锡不良/过锡不良 (41).jpg,过锡不良,2048,0,3200,1079,无,0
X光图片20260603_001024,X光图片20260603/未标注/过锡不良/过锡不良 (41).jpg,过锡不良,0,1079,1024,2121,无,0
X光图片20260603_001025,X光图片20260603/未标注/过锡不良/过锡不良 (41).jpg,过锡不良,1024,1079,2048,2121,无,0
X光图片20260603_001026,X光图片20260603/未标注/过锡不良/过锡不良 (41).jpg,过锡不良,2048,1079,3200,2121,无,0
X光图片20260603_001027,X光图片20260603/未标注/过锡不良/过锡不良 (42).jpg,过锡不良,0,0,1024,854,无,0
X光图片20260603_001028,X光图片20260603/未标注/过锡不良/过锡不良 (42).jpg,过锡不良,1024,0,2048,854,无,0
X光图片20260603_001029,X光图片20260603/未标注/过锡不良/过锡不良 (42).jpg,过锡不良,2048,0,3200,854,无,0
X光图片20260603_001030,X光图片20260603/未标注/过锡不良/过锡不良 (42).jpg,过锡不良,0,854,1024,2121,无,0
X光图片20260603_001031,X光图片20260603/未标注/过锡不良/过锡不良 (42).jpg,过锡不良,1024,854,2048,2121,缺陷,1
X光图片20260603_001032,X光图片20260603/未标注/过锡不良/过锡不良 (42).jpg,过锡不良,2048,854,3200,2121,无,0
X光图片20260603_001033,X光图片20260603/未标注/过锡不良/过锡不良 (43).jpg,过锡不良,0,0,1024,1024,缺陷,1
X光图片20260603_001034,X光图片20260603/未标注/过锡不良/过锡不良 (43).jpg,过锡不良,1024,0,1747,1024,无,0
X光图片20260603_001035,X光图片20260603/未标注/过锡不良/过锡不良 (43).jpg,过锡不良,0,1024,1024,1560,无,0
X光图片20260603_001036,X光图片20260603/未标注/过锡不良/过锡不良 (43).jpg,过锡不良,1024,1024,1747,1560,无,0
X光图片20260603_001037,X光图片20260603/未标注/过锡不良/过锡不良 (44).jpg,过锡不良,0,0,1024,1024,无,0
X光图片20260603_001038,X光图片20260603/未标注/过锡不良/过锡不良 (44).jpg,过锡不良,1024,0,2048,1024,无,0
X光图片20260603_001039,X光图片20260603/未标注/过锡不良/过锡不良 (44).jpg,过锡不良,2048,0,3200,1024,无,0
X光图片20260603_001040,X光图片20260603/未标注/过锡不良/过锡不良 (44).jpg,过锡不良,0,1024,1024,2121,无,0
X光图片20260603_001041,X光图片20260603/未标注/过锡不良/过锡不良 (44).jpg,过锡不良,1024,1024,2048,2121,缺陷,1
X光图片20260603_001042,X光图片20260603/未标注/过锡不良/过锡不良 (44).jpg,过锡不良,2048,1024,3200,2121,无,0
X光图片20260603_001043,X光图片20260603/未标注/过锡不良/过锡不良 (45).jpg,过锡不良,0,0,1024,1024,缺陷,1
X光图片20260603_001044,X光图片20260603/未标注/过锡不良/过锡不良 (45).jpg,过锡不良,1024,0,1747,1024,无,0
X光图片20260603_001045,X光图片20260603/未标注/过锡不良/过锡不良 (45).jpg,过锡不良,0,1024,1024,1560,无,0
X光图片20260603_001046,X光图片20260603/未标注/过锡不良/过锡不良 (45).jpg,过锡不良,1024,1024,1747,1560,无,0
X光图片20260603_001047,X光图片20260603/未标注/过锡不良/过锡不良 (46).jpg,过锡不良,0,0,1024,1024,缺陷,1
X光图片20260603_001048,X光图片20260603/未标注/过锡不良/过锡不良 (46).jpg,过锡不良,1024,0,2048,1024,无,0
X光图片20260603_001049,X光图片20260603/未标注/过锡不良/过锡不良 (46).jpg,过锡不良,2048,0,3200,1024,无,0
X光图片20260603_001050,X光图片20260603/未标注/过锡不良/过锡不良 (46).jpg,过锡不良,0,1024,1024,2121,无,0
X光图片20260603_001051,X光图片20260603/未标注/过锡不良/过锡不良 (46).jpg,过锡不良,1024,1024,2048,2121,无,0
X光图片20260603_001052,X光图片20260603/未标注/过锡不良/过锡不良 (46).jpg,过锡不良,2048,1024,3200,2121,无,0
X光图片20260603_001053,X光图片20260603/未标注/过锡不良/过锡不良 (47).jpg,过锡不良,0,0,1024,1024,无,0
X光图片20260603_001054,X光图片20260603/未标注/过锡不良/过锡不良 (47).jpg,过锡不良,1024,0,2114,1024,缺陷,2
X光图片20260603_001055,X光图片20260603/未标注/过锡不良/过锡不良 (47).jpg,过锡不良,2114,0,2408,1024,无,0
X光图片20260603_001056,X光图片20260603/未标注/过锡不良/过锡不良 (47).jpg,过锡不良,0,1024,1024,1780,无,0
X光图片20260603_001057,X光图片20260603/未标注/过锡不良/过锡不良 (47).jpg,过锡不良,1024,1024,2114,1780,无,0
X光图片20260603_001058,X光图片20260603/未标注/过锡不良/过锡不良 (47).jpg,过锡不良,2114,1024,2408,1780,无,0
